[
{
    "model": "service_development.voicelabel",
    "pk": 1,
    "fields": {
        "name": "Dutch language",
        "description": "Nederlandse taal"
    }
},
{
    "model": "service_development.voicelabel",
    "pk": 2,
    "fields": {
        "name": "General error message",
        "description": ""
    }
},
{
    "model": "service_development.voicelabel",
    "pk": 3,
    "fields": {
        "name": "This is the truth",
        "description": ""
    }
},
{
    "model": "service_development.voicelabel",
    "pk": 4,
    "fields": {
        "name": "English language",
        "description": ""
    }
},
{
    "model": "service_development.voicelabel",
    "pk": 5,
    "fields": {
        "name": "Thank you for using this service",
        "description": ""
    }
},
{
    "model": "service_development.voicelabel",
    "pk": 6,
    "fields": {
        "name": "Wow, it must be a really boring guy!",
        "description": ""
    }
},
{
    "model": "service_development.voicelabel",
    "pk": 7,
    "fields": {
        "name": "French language",
        "description": ""
    }
},
{
    "model": "service_development.voicelabel",
    "pk": 8,
    "fields": {
        "name": "Please select your language",
        "description": ""
    }
},
{
    "model": "service_development.voicelabel",
    "pk": 9,
    "fields": {
        "name": "Pre Choice Option",
        "description": ""
    }
},
{
    "model": "service_development.voicelabel",
    "pk": 10,
    "fields": {
        "name": "Post Choice Option",
        "description": ""
    }
},
{
    "model": "service_development.voicelabel",
    "pk": 11,
    "fields": {
        "name": "One",
        "description": ""
    }
},
{
    "model": "service_development.voicelabel",
    "pk": 12,
    "fields": {
        "name": "Two",
        "description": ""
    }
},
{
    "model": "service_development.voicelabel",
    "pk": 13,
    "fields": {
        "name": "Three",
        "description": ""
    }
},
{
    "model": "service_development.voicelabel",
    "pk": 14,
    "fields": {
        "name": "Four",
        "description": ""
    }
},
{
    "model": "service_development.voicelabel",
    "pk": 15,
    "fields": {
        "name": "Five",
        "description": ""
    }
},
{
    "model": "service_development.voicelabel",
    "pk": 16,
    "fields": {
        "name": "Six",
        "description": ""
    }
},
{
    "model": "service_development.voicelabel",
    "pk": 17,
    "fields": {
        "name": "Seven",
        "description": ""
    }
},
{
    "model": "service_development.voicelabel",
    "pk": 18,
    "fields": {
        "name": "Eight",
        "description": ""
    }
},
{
    "model": "service_development.voicelabel",
    "pk": 19,
    "fields": {
        "name": "Nine",
        "description": ""
    }
},
{
    "model": "service_development.voicelabel",
    "pk": 20,
    "fields": {
        "name": "Zero",
        "description": ""
    }
},
{
    "model": "service_development.voicelabel",
    "pk": 21,
    "fields": {
        "name": "Yes",
        "description": ""
    }
},
{
    "model": "service_development.voicelabel",
    "pk": 22,
    "fields": {
        "name": "No",
        "description": ""
    }
},
{
    "model": "service_development.voicelabel",
    "pk": 23,
    "fields": {
        "name": "Does the king like to drink beer?",
        "description": ""
    }
},
{
    "model": "service_development.voicelabel",
    "pk": 25,
    "fields": {
        "name": "Please speak your message",
        "description": ""
    }
},
{
    "model": "service_development.voicelabel",
    "pk": 26,
    "fields": {
        "name": "Welcome to Caspar",
        "description": "Welcome message"
    }
},
{
    "model": "service_development.voicelabel",
    "pk": 27,
    "fields": {
        "name": "Identify yourself",
        "description": "identification message"
    }
},
{
    "model": "service_development.voicelabel",
    "pk": 28,
    "fields": {
        "name": "Profile start",
        "description": "Profile introduction message"
    }
},
{
    "model": "service_development.voicelabel",
    "pk": 29,
    "fields": {
        "name": "Provide crop size",
        "description": "Crop size question"
    }
},
{
    "model": "service_development.voicelabel",
    "pk": 30,
    "fields": {
        "name": "Provide crop",
        "description": "Provice crop quesiton"
    }
},
{
    "model": "service_development.voicelabel",
    "pk": 31,
    "fields": {
        "name": "Select Region",
        "description": "Region message"
    }
},
{
    "model": "service_development.voicelabel",
    "pk": 32,
    "fields": {
        "name": "Select village",
        "description": null
    }
},
{
    "model": "service_development.language",
    "pk": 1,
    "fields": {
        "name": "Nederlands",
        "code": "nl",
        "voice_label": 1,
        "error_message": 2,
        "select_language": 8,
        "pre_choice_option": 9,
        "post_choice_option": 10,
        "one": 11,
        "two": 12,
        "three": 13,
        "four": 14,
        "five": 15,
        "six": 16,
        "seven": 17,
        "eight": 18,
        "nine": 19,
        "zero": 20
    }
},
{
    "model": "service_development.language",
    "pk": 2,
    "fields": {
        "name": "English",
        "code": "en",
        "voice_label": 4,
        "error_message": 2,
        "select_language": 8,
        "pre_choice_option": 9,
        "post_choice_option": 10,
        "one": 11,
        "two": 12,
        "three": 13,
        "four": 14,
        "five": 15,
        "six": 16,
        "seven": 17,
        "eight": 18,
        "nine": 19,
        "zero": 20
    }
},
{
    "model": "service_development.language",
    "pk": 3,
    "fields": {
        "name": "Francais",
        "code": "fr",
        "voice_label": 7,
        "error_message": 2,
        "select_language": 8,
        "pre_choice_option": 9,
        "post_choice_option": 10,
        "one": 11,
        "two": 12,
        "three": 13,
        "four": 14,
        "five": 15,
        "six": 16,
        "seven": 17,
        "eight": 18,
        "nine": 19,
        "zero": 20
    }
},
{
    "model": "service_development.voicefragment",
    "pk": 1,
    "fields": {
        "parent": 6,
        "language": 2,
        "audio": "boring_guy_en.wav"
    }
},
{
    "model": "service_development.voicefragment",
    "pk": 2,
    "fields": {
        "parent": 6,
        "language": 1,
        "audio": "boring_guy_nl.wav"
    }
},
{
    "model": "service_development.voicefragment",
    "pk": 6,
    "fields": {
        "parent": 22,
        "language": 1,
        "audio": "no_nl.wav"
    }
},
{
    "model": "service_development.voicefragment",
    "pk": 7,
    "fields": {
        "parent": 22,
        "language": 2,
        "audio": "no_en.wav"
    }
},
{
    "model": "service_development.voicefragment",
    "pk": 8,
    "fields": {
        "parent": 22,
        "language": 3,
        "audio": "no_fr.wav"
    }
},
{
    "model": "service_development.voicefragment",
    "pk": 9,
    "fields": {
        "parent": 21,
        "language": 1,
        "audio": "yes_nl.wav"
    }
},
{
    "model": "service_development.voicefragment",
    "pk": 10,
    "fields": {
        "parent": 21,
        "language": 2,
        "audio": "yes_en.wav"
    }
},
{
    "model": "service_development.voicefragment",
    "pk": 11,
    "fields": {
        "parent": 21,
        "language": 3,
        "audio": "yes_fr.wav"
    }
},
{
    "model": "service_development.voicefragment",
    "pk": 12,
    "fields": {
        "parent": 20,
        "language": 1,
        "audio": "0_nl.wav"
    }
},
{
    "model": "service_development.voicefragment",
    "pk": 13,
    "fields": {
        "parent": 20,
        "language": 2,
        "audio": "0_en.wav"
    }
},
{
    "model": "service_development.voicefragment",
    "pk": 14,
    "fields": {
        "parent": 20,
        "language": 3,
        "audio": "0_fr.wav"
    }
},
{
    "model": "service_development.voicefragment",
    "pk": 15,
    "fields": {
        "parent": 19,
        "language": 1,
        "audio": "9_nl.wav"
    }
},
{
    "model": "service_development.voicefragment",
    "pk": 16,
    "fields": {
        "parent": 19,
        "language": 2,
        "audio": "9_fr.wav"
    }
},
{
    "model": "service_development.voicefragment",
    "pk": 17,
    "fields": {
        "parent": 19,
        "language": 3,
        "audio": "9_en.wav"
    }
},
{
    "model": "service_development.voicefragment",
    "pk": 18,
    "fields": {
        "parent": 18,
        "language": 1,
        "audio": "8_nl.wav"
    }
},
{
    "model": "service_development.voicefragment",
    "pk": 19,
    "fields": {
        "parent": 18,
        "language": 2,
        "audio": "8_en.wav"
    }
},
{
    "model": "service_development.voicefragment",
    "pk": 20,
    "fields": {
        "parent": 18,
        "language": 3,
        "audio": "8_fr.wav"
    }
},
{
    "model": "service_development.voicefragment",
    "pk": 21,
    "fields": {
        "parent": 17,
        "language": 1,
        "audio": "7_nl.wav"
    }
},
{
    "model": "service_development.voicefragment",
    "pk": 22,
    "fields": {
        "parent": 17,
        "language": 2,
        "audio": "7_en.wav"
    }
},
{
    "model": "service_development.voicefragment",
    "pk": 23,
    "fields": {
        "parent": 17,
        "language": 3,
        "audio": "7_fr.wav"
    }
},
{
    "model": "service_development.voicefragment",
    "pk": 24,
    "fields": {
        "parent": 16,
        "language": 1,
        "audio": "6_nl.wav"
    }
},
{
    "model": "service_development.voicefragment",
    "pk": 25,
    "fields": {
        "parent": 16,
        "language": 2,
        "audio": "6_en.wav"
    }
},
{
    "model": "service_development.voicefragment",
    "pk": 26,
    "fields": {
        "parent": 16,
        "language": 3,
        "audio": "6_fr.wav"
    }
},
{
    "model": "service_development.voicefragment",
    "pk": 27,
    "fields": {
        "parent": 15,
        "language": 1,
        "audio": "5_nl.wav"
    }
},
{
    "model": "service_development.voicefragment",
    "pk": 28,
    "fields": {
        "parent": 15,
        "language": 2,
        "audio": "5_en.wav"
    }
},
{
    "model": "service_development.voicefragment",
    "pk": 29,
    "fields": {
        "parent": 15,
        "language": 3,
        "audio": "5_fr.wav"
    }
},
{
    "model": "service_development.voicefragment",
    "pk": 30,
    "fields": {
        "parent": 14,
        "language": 1,
        "audio": "4_nl.wav"
    }
},
{
    "model": "service_development.voicefragment",
    "pk": 31,
    "fields": {
        "parent": 14,
        "language": 2,
        "audio": "4_fr.wav"
    }
},
{
    "model": "service_development.voicefragment",
    "pk": 32,
    "fields": {
        "parent": 14,
        "language": 3,
        "audio": "4_en.wav"
    }
},
{
    "model": "service_development.voicefragment",
    "pk": 33,
    "fields": {
        "parent": 13,
        "language": 1,
        "audio": "3_nl.wav"
    }
},
{
    "model": "service_development.voicefragment",
    "pk": 34,
    "fields": {
        "parent": 13,
        "language": 2,
        "audio": "3_en.wav"
    }
},
{
    "model": "service_development.voicefragment",
    "pk": 35,
    "fields": {
        "parent": 13,
        "language": 3,
        "audio": "3_fr.wav"
    }
},
{
    "model": "service_development.voicefragment",
    "pk": 36,
    "fields": {
        "parent": 12,
        "language": 1,
        "audio": "2_nl.wav"
    }
},
{
    "model": "service_development.voicefragment",
    "pk": 37,
    "fields": {
        "parent": 12,
        "language": 2,
        "audio": "2_en.wav"
    }
},
{
    "model": "service_development.voicefragment",
    "pk": 38,
    "fields": {
        "parent": 12,
        "language": 3,
        "audio": "2_fr.wav"
    }
},
{
    "model": "service_development.voicefragment",
    "pk": 39,
    "fields": {
        "parent": 11,
        "language": 1,
        "audio": "1_nl.wav"
    }
},
{
    "model": "service_development.voicefragment",
    "pk": 40,
    "fields": {
        "parent": 11,
        "language": 2,
        "audio": "1_en.wav"
    }
},
{
    "model": "service_development.voicefragment",
    "pk": 41,
    "fields": {
        "parent": 11,
        "language": 3,
        "audio": "1_fr.wav"
    }
},
{
    "model": "service_development.voicefragment",
    "pk": 42,
    "fields": {
        "parent": 10,
        "language": 1,
        "audio": "post_choice_option_nl.wav"
    }
},
{
    "model": "service_development.voicefragment",
    "pk": 43,
    "fields": {
        "parent": 10,
        "language": 2,
        "audio": "post_choice_option_en.wav"
    }
},
{
    "model": "service_development.voicefragment",
    "pk": 44,
    "fields": {
        "parent": 10,
        "language": 3,
        "audio": "post_choice_option_fr.wav"
    }
},
{
    "model": "service_development.voicefragment",
    "pk": 45,
    "fields": {
        "parent": 9,
        "language": 1,
        "audio": "pre_choice_option_nl.wav"
    }
},
{
    "model": "service_development.voicefragment",
    "pk": 46,
    "fields": {
        "parent": 9,
        "language": 2,
        "audio": "pre_choice_option_en.wav"
    }
},
{
    "model": "service_development.voicefragment",
    "pk": 47,
    "fields": {
        "parent": 9,
        "language": 3,
        "audio": "pre_choice_option_fr.wav"
    }
},
{
    "model": "service_development.voicefragment",
    "pk": 48,
    "fields": {
        "parent": 8,
        "language": 1,
        "audio": "select_language_nl.wav"
    }
},
{
    "model": "service_development.voicefragment",
    "pk": 49,
    "fields": {
        "parent": 8,
        "language": 2,
        "audio": "select_language_en.wav"
    }
},
{
    "model": "service_development.voicefragment",
    "pk": 50,
    "fields": {
        "parent": 8,
        "language": 3,
        "audio": "select_language_fr.wav"
    }
},
{
    "model": "service_development.voicefragment",
    "pk": 51,
    "fields": {
        "parent": 7,
        "language": 1,
        "audio": "french_nl.wav"
    }
},
{
    "model": "service_development.voicefragment",
    "pk": 52,
    "fields": {
        "parent": 7,
        "language": 2,
        "audio": "french_en.wav"
    }
},
{
    "model": "service_development.voicefragment",
    "pk": 53,
    "fields": {
        "parent": 7,
        "language": 3,
        "audio": "french_fr.wav"
    }
},
{
    "model": "service_development.voicefragment",
    "pk": 54,
    "fields": {
        "parent": 6,
        "language": 3,
        "audio": "boring_guy_fr.wav"
    }
},
{
    "model": "service_development.voicefragment",
    "pk": 55,
    "fields": {
        "parent": 5,
        "language": 1,
        "audio": "thank_you_for_using_nl.wav"
    }
},
{
    "model": "service_development.voicefragment",
    "pk": 56,
    "fields": {
        "parent": 5,
        "language": 2,
        "audio": "thank_you_for_using_en.wav"
    }
},
{
    "model": "service_development.voicefragment",
    "pk": 57,
    "fields": {
        "parent": 5,
        "language": 3,
        "audio": "thank_you_for_using_fr.wav"
    }
},
{
    "model": "service_development.voicefragment",
    "pk": 58,
    "fields": {
        "parent": 4,
        "language": 1,
        "audio": "english_nl.wav"
    }
},
{
    "model": "service_development.voicefragment",
    "pk": 59,
    "fields": {
        "parent": 4,
        "language": 2,
        "audio": "english_en.wav"
    }
},
{
    "model": "service_development.voicefragment",
    "pk": 60,
    "fields": {
        "parent": 4,
        "language": 3,
        "audio": "english_fr.wav"
    }
},
{
    "model": "service_development.voicefragment",
    "pk": 61,
    "fields": {
        "parent": 3,
        "language": 1,
        "audio": "truth_nl.wav"
    }
},
{
    "model": "service_development.voicefragment",
    "pk": 62,
    "fields": {
        "parent": 3,
        "language": 2,
        "audio": "truth_en.wav"
    }
},
{
    "model": "service_development.voicefragment",
    "pk": 63,
    "fields": {
        "parent": 3,
        "language": 3,
        "audio": "truth_fr.wav"
    }
},
{
    "model": "service_development.voicefragment",
    "pk": 64,
    "fields": {
        "parent": 2,
        "language": 1,
        "audio": "error_nl.wav"
    }
},
{
    "model": "service_development.voicefragment",
    "pk": 65,
    "fields": {
        "parent": 2,
        "language": 2,
        "audio": "error_en.wav"
    }
},
{
    "model": "service_development.voicefragment",
    "pk": 66,
    "fields": {
        "parent": 2,
        "language": 3,
        "audio": "error_fr.wav"
    }
},
{
    "model": "service_development.voicefragment",
    "pk": 67,
    "fields": {
        "parent": 1,
        "language": 1,
        "audio": "dutch_nl.wav"
    }
},
{
    "model": "service_development.voicefragment",
    "pk": 68,
    "fields": {
        "parent": 1,
        "language": 2,
        "audio": "dutch_en.wav"
    }
},
{
    "model": "service_development.voicefragment",
    "pk": 69,
    "fields": {
        "parent": 1,
        "language": 3,
        "audio": "dutch_fr.wav"
    }
},
{
    "model": "service_development.voicefragment",
    "pk": 70,
    "fields": {
        "parent": 23,
        "language": 1,
        "audio": "king_question_nl.wav"
    }
},
{
    "model": "service_development.voicefragment",
    "pk": 71,
    "fields": {
        "parent": 23,
        "language": 2,
        "audio": "king_question_en.wav"
    }
},
{
    "model": "service_development.voicefragment",
    "pk": 72,
    "fields": {
        "parent": 23,
        "language": 3,
        "audio": "king_question_fr.wav"
    }
},
{
    "model": "service_development.voicefragment",
    "pk": 74,
    "fields": {
        "parent": 25,
        "language": 3,
        "audio": "speakYourMessage.wav"
    }
},
{
    "model": "service_development.voicefragment",
    "pk": 75,
    "fields": {
        "parent": 26,
        "language": 2,
        "audio": "welcome_caspar_en.wav"
    }
},
{
    "model": "service_development.voicefragment",
    "pk": 76,
    "fields": {
        "parent": 27,
        "language": 2,
        "audio": "identify_yourself_en.wav"
    }
},
{
    "model": "service_development.voicefragment",
    "pk": 77,
    "fields": {
        "parent": 28,
        "language": 2,
        "audio": "profile_start_en.wav"
    }
},
{
    "model": "service_development.voicefragment",
    "pk": 78,
    "fields": {
        "parent": 30,
        "language": 2,
        "audio": "provide_crop_en.wav"
    }
},
{
    "model": "service_development.voicefragment",
    "pk": 79,
    "fields": {
        "parent": 31,
        "language": 2,
        "audio": "select_region_en.wav"
    }
},
{
    "model": "service_development.voicefragment",
    "pk": 80,
    "fields": {
        "parent": 32,
        "language": 2,
        "audio": "select_village_en.wav"
    }
},
{
    "model": "service_development.voicefragment",
    "pk": 81,
    "fields": {
        "parent": 29,
        "language": 2,
        "audio": "provide_cropsize_en.wav"
    }
},
{
    "model": "service_development.voiceservicesubelement",
    "pk": 2,
    "fields": {
        "service": 1,
        "creation_date": "2017-04-23T19:30:23.792Z",
        "modification_date": "2018-02-16T16:42:26.402Z",
        "name": "Does the king like to drink beer?",
        "description": "",
        "voice_label": 23
    }
},
{
    "model": "service_development.voiceservicesubelement",
    "pk": 3,
    "fields": {
        "service": 1,
        "creation_date": "2017-04-23T19:32:07.853Z",
        "modification_date": "2018-01-25T14:35:48.977Z",
        "name": "Yes",
        "description": "King <3's BEER",
        "voice_label": 21
    }
},
{
    "model": "service_development.voiceservicesubelement",
    "pk": 4,
    "fields": {
        "service": 1,
        "creation_date": "2017-04-23T19:32:07.854Z",
        "modification_date": "2018-02-16T16:42:26.405Z",
        "name": "No",
        "description": "",
        "voice_label": 22
    }
},
{
    "model": "service_development.voiceservicesubelement",
    "pk": 5,
    "fields": {
        "service": 1,
        "creation_date": "2017-04-23T19:49:50.055Z",
        "modification_date": "2018-02-16T16:42:51.484Z",
        "name": "This is the truth",
        "description": "",
        "voice_label": 3
    }
},
{
    "model": "service_development.voiceservicesubelement",
    "pk": 6,
    "fields": {
        "service": 1,
        "creation_date": "2017-04-23T21:11:06.805Z",
        "modification_date": "2017-04-23T21:33:29.853Z",
        "name": "Thank you for using this service",
        "description": "",
        "voice_label": 5
    }
},
{
    "model": "service_development.voiceservicesubelement",
    "pk": 7,
    "fields": {
        "service": 1,
        "creation_date": "2017-04-23T21:36:55.756Z",
        "modification_date": "2017-04-23T21:36:55.756Z",
        "name": "King is boring",
        "description": "",
        "voice_label": 6
    }
},
{
    "model": "service_development.voiceservicesubelement",
    "pk": 10,
    "fields": {
        "service": 3,
        "creation_date": "2019-04-29T19:56:00.479Z",
        "modification_date": "2019-04-29T20:03:26.529Z",
        "name": "Welcome to Caspar",
        "description": "Welcome message",
        "voice_label": 26
    }
},
{
    "model": "service_development.voiceservicesubelement",
    "pk": 11,
    "fields": {
        "service": 3,
        "creation_date": "2019-04-29T20:03:20.687Z",
        "modification_date": "2019-04-29T20:53:52.734Z",
        "name": "Identify yourself",
        "description": "",
        "voice_label": 27
    }
},
{
    "model": "service_development.voiceservicesubelement",
    "pk": 12,
    "fields": {
        "service": 3,
        "creation_date": "2019-04-29T20:10:07.459Z",
        "modification_date": "2019-04-29T20:51:32.831Z",
        "name": "Name",
        "description": "",
        "voice_label": 27
    }
},
{
    "model": "service_development.voiceservicesubelement",
    "pk": 13,
    "fields": {
        "service": 3,
        "creation_date": "2019-04-29T20:14:15.086Z",
        "modification_date": "2019-04-29T20:20:17.185Z",
        "name": "Profile start",
        "description": "",
        "voice_label": 28
    }
},
{
    "model": "service_development.voiceservicesubelement",
    "pk": 14,
    "fields": {
        "service": 3,
        "creation_date": "2019-04-29T20:14:29.300Z",
        "modification_date": "2019-04-29T20:24:49.768Z",
        "name": "Provide crop",
        "description": "",
        "voice_label": 30
    }
},
{
    "model": "service_development.voiceservicesubelement",
    "pk": 15,
    "fields": {
        "service": 3,
        "creation_date": "2019-04-29T20:14:47.102Z",
        "modification_date": "2019-04-29T20:18:18.917Z",
        "name": "Provide crop size",
        "description": "",
        "voice_label": 29
    }
},
{
    "model": "service_development.voiceservicesubelement",
    "pk": 16,
    "fields": {
        "service": 3,
        "creation_date": "2019-04-29T20:15:53.027Z",
        "modification_date": "2019-04-29T20:17:21.459Z",
        "name": "Select Region",
        "description": "",
        "voice_label": 31
    }
},
{
    "model": "service_development.voiceservicesubelement",
    "pk": 17,
    "fields": {
        "service": 3,
        "creation_date": "2019-04-29T20:16:12.449Z",
        "modification_date": "2019-04-29T20:18:06.239Z",
        "name": "Select Village",
        "description": "",
        "voice_label": 32
    }
},
{
    "model": "service_development.voiceserviceelement",
    "pk": 2,
    "fields": {}
},
{
    "model": "service_development.voiceserviceelement",
    "pk": 5,
    "fields": {}
},
{
    "model": "service_development.voiceserviceelement",
    "pk": 6,
    "fields": {}
},
{
    "model": "service_development.voiceserviceelement",
    "pk": 7,
    "fields": {}
},
{
    "model": "service_development.voiceserviceelement",
    "pk": 10,
    "fields": {}
},
{
    "model": "service_development.voiceserviceelement",
    "pk": 11,
    "fields": {}
},
{
    "model": "service_development.voiceserviceelement",
    "pk": 12,
    "fields": {}
},
{
    "model": "service_development.voiceserviceelement",
    "pk": 13,
    "fields": {}
},
{
    "model": "service_development.voiceserviceelement",
    "pk": 14,
    "fields": {}
},
{
    "model": "service_development.voiceserviceelement",
    "pk": 15,
    "fields": {}
},
{
    "model": "service_development.voiceserviceelement",
    "pk": 16,
    "fields": {}
},
{
    "model": "service_development.voiceserviceelement",
    "pk": 17,
    "fields": {}
},
{
    "model": "service_development.voiceservice",
    "pk": 1,
    "fields": {
        "name": "King's truth checker",
        "description": "Checks the user's knowledge about the king of the Netherlands",
        "creation_date": "2017-04-23T19:23:52.392Z",
        "modification_date": "2019-04-17T18:23:22.776Z",
        "active": true,
        "_start_element": 2,
        "registration": "preferred",
        "registration_language": true,
        "registration_name": false,
        "supported_languages": [
            1,
            2,
            3
        ]
    }
},
{
    "model": "service_development.voiceservice",
    "pk": 3,
    "fields": {
        "name": "Caspar",
        "description": "Crop And Seed Planning Advisory Reports",
        "creation_date": "2019-04-29T19:53:28.560Z",
        "modification_date": "2019-04-29T20:07:46.901Z",
        "active": true,
        "_start_element": 10,
        "registration": "preferred",
        "registration_language": true,
        "registration_name": false,
        "supported_languages": [
            2
        ]
    }
},
{
    "model": "service_development.kasadakauser",
    "pk": 1,
    "fields": {
        "caller_id": "456",
        "first_name": "Henk",
        "last_name": "Ernia",
        "creation_date": "2018-02-02T11:10:27.670Z",
        "modification_date": "2018-02-12T14:44:24.019Z",
        "language": 1,
        "service": 1
    }
},
{
    "model": "service_development.kasadakauser",
    "pk": 2,
    "fields": {
        "caller_id": "111",
        "first_name": "",
        "last_name": "",
        "creation_date": "2019-04-24T17:18:05.039Z",
        "modification_date": "2019-04-24T17:18:05.039Z",
        "language": 2,
        "service": 1
    }
},
{
    "model": "service_development.kasadakauser",
    "pk": 4,
    "fields": {
        "caller_id": "112",
        "first_name": "",
        "last_name": "",
        "creation_date": "2019-04-24T17:29:52.431Z",
        "modification_date": "2019-04-24T17:29:52.431Z",
        "language": 2,
        "service": 1
    }
},
{
    "model": "service_development.kasadakauser",
    "pk": 8,
    "fields": {
        "caller_id": "222",
        "first_name": "",
        "last_name": "",
        "creation_date": "2019-04-29T20:07:39.489Z",
        "modification_date": "2019-04-29T20:07:39.489Z",
        "language": 2,
        "service": 3
    }
},
{
    "model": "service_development.callsession",
    "pk": 2,
    "fields": {
        "start": "2019-04-24T17:16:59.975Z",
        "end": "2019-04-24T17:23:32.932Z",
        "user": 2,
        "caller_id": "111",
        "service": 1,
        "_language": 2
    }
},
{
    "model": "service_development.callsession",
    "pk": 11,
    "fields": {
        "start": "2019-04-24T17:28:43.166Z",
        "end": "2019-04-29T19:54:28.953Z",
        "user": 4,
        "caller_id": "112",
        "service": 1,
        "_language": 2
    }
},
{
    "model": "service_development.callsession",
    "pk": 13,
    "fields": {
        "start": "2019-04-24T17:49:04.716Z",
        "end": "2019-04-24T17:50:40.974Z",
        "user": null,
        "caller_id": "222",
        "service": null,
        "_language": null
    }
},
{
    "model": "service_development.callsession",
    "pk": 14,
    "fields": {
        "start": "2019-04-29T19:53:12.311Z",
        "end": "2019-04-29T19:53:12.398Z",
        "user": 4,
        "caller_id": "112",
        "service": 1,
        "_language": 2
    }
},
{
    "model": "service_development.callsession",
    "pk": 15,
    "fields": {
        "start": "2019-04-29T19:54:37.888Z",
        "end": "2019-04-29T19:55:01.533Z",
        "user": 4,
        "caller_id": "112",
        "service": 1,
        "_language": 2
    }
},
{
    "model": "service_development.callsession",
    "pk": 16,
    "fields": {
        "start": "2019-04-29T20:07:39.398Z",
        "end": "2019-04-29T20:07:39.498Z",
        "user": 8,
        "caller_id": "222",
        "service": 3,
        "_language": 2
    }
},
{
    "model": "service_development.callsession",
    "pk": 17,
    "fields": {
        "start": "2019-04-29T20:07:53.090Z",
        "end": "2019-04-29T20:08:18.392Z",
        "user": 8,
        "caller_id": "222",
        "service": 3,
        "_language": 2
    }
},
{
    "model": "service_development.callsession",
    "pk": 18,
    "fields": {
        "start": "2019-04-29T20:12:11.590Z",
        "end": "2019-04-29T20:13:33.363Z",
        "user": 8,
        "caller_id": "222",
        "service": 3,
        "_language": 2
    }
},
{
    "model": "service_development.callsession",
    "pk": 19,
    "fields": {
        "start": "2019-04-29T20:20:37.071Z",
        "end": "2019-04-29T20:20:54.600Z",
        "user": 8,
        "caller_id": "222",
        "service": 3,
        "_language": 2
    }
},
{
    "model": "service_development.callsession",
    "pk": 20,
    "fields": {
        "start": "2019-04-29T20:22:41.493Z",
        "end": "2019-04-29T20:23:52.615Z",
        "user": 8,
        "caller_id": "222",
        "service": 3,
        "_language": 2
    }
},
{
    "model": "service_development.callsession",
    "pk": 21,
    "fields": {
        "start": "2019-04-29T20:25:04.543Z",
        "end": "2019-04-29T20:25:51.872Z",
        "user": 8,
        "caller_id": "222",
        "service": 3,
        "_language": 2
    }
},
{
    "model": "service_development.callsession",
    "pk": 22,
    "fields": {
        "start": "2019-04-29T20:51:55.369Z",
        "end": "2019-04-29T20:52:34.863Z",
        "user": 8,
        "caller_id": "222",
        "service": 3,
        "_language": 2
    }
},
{
    "model": "service_development.callsession",
    "pk": 23,
    "fields": {
        "start": "2019-04-30T09:50:36.434Z",
        "end": "2019-04-30T09:50:36.605Z",
        "user": null,
        "caller_id": null,
        "service": 3,
        "_language": 2
    }
},
{
    "model": "service_development.callsession",
    "pk": 24,
    "fields": {
        "start": "2019-04-30T09:54:40.275Z",
        "end": "2019-04-30T09:54:40.448Z",
        "user": null,
        "caller_id": null,
        "service": 3,
        "_language": 2
    }
},
{
    "model": "service_development.callsession",
    "pk": 25,
    "fields": {
        "start": "2019-04-30T09:54:55.868Z",
        "end": "2019-04-30T09:54:55.966Z",
        "user": null,
        "caller_id": null,
        "service": 3,
        "_language": 2
    }
},
{
    "model": "service_development.callsession",
    "pk": 26,
    "fields": {
        "start": "2019-04-30T09:57:03.795Z",
        "end": "2019-04-30T09:57:03.876Z",
        "user": null,
        "caller_id": null,
        "service": 3,
        "_language": 2
    }
},
{
    "model": "service_development.callsession",
    "pk": 27,
    "fields": {
        "start": "2019-04-30T09:57:55.265Z",
        "end": "2019-04-30T09:57:55.353Z",
        "user": null,
        "caller_id": null,
        "service": 3,
        "_language": 2
    }
},
{
    "model": "service_development.callsession",
    "pk": 28,
    "fields": {
        "start": "2019-04-30T09:58:12.785Z",
        "end": "2019-04-30T09:58:12.871Z",
        "user": null,
        "caller_id": null,
        "service": 3,
        "_language": 2
    }
},
{
    "model": "service_development.callsession",
    "pk": 29,
    "fields": {
        "start": "2019-04-30T09:58:36.258Z",
        "end": "2019-04-30T09:58:36.355Z",
        "user": null,
        "caller_id": null,
        "service": 3,
        "_language": 2
    }
},
{
    "model": "service_development.callsessionstep",
    "pk": 1,
    "fields": {
        "time": "2019-04-24T17:18:04.964Z",
        "session": 2,
        "_visited_element": null,
        "description": "Language selected, English"
    }
},
{
    "model": "service_development.callsessionstep",
    "pk": 2,
    "fields": {
        "time": "2019-04-24T17:18:05.054Z",
        "session": 2,
        "_visited_element": null,
        "description": "Registered as user: 111"
    }
},
{
    "model": "service_development.callsessionstep",
    "pk": 3,
    "fields": {
        "time": "2019-04-24T17:18:05.188Z",
        "session": 2,
        "_visited_element": 2,
        "description": null
    }
},
{
    "model": "service_development.callsessionstep",
    "pk": 4,
    "fields": {
        "time": "2019-04-24T17:21:30.873Z",
        "session": 2,
        "_visited_element": null,
        "description": "Language selected, English"
    }
},
{
    "model": "service_development.callsessionstep",
    "pk": 5,
    "fields": {
        "time": "2019-04-24T17:22:32.188Z",
        "session": 2,
        "_visited_element": null,
        "description": "Language selected, English"
    }
},
{
    "model": "service_development.callsessionstep",
    "pk": 6,
    "fields": {
        "time": "2019-04-24T17:23:32.937Z",
        "session": 2,
        "_visited_element": null,
        "description": "Language selected, English"
    }
},
{
    "model": "service_development.callsessionstep",
    "pk": 16,
    "fields": {
        "time": "2019-04-24T17:29:52.358Z",
        "session": 11,
        "_visited_element": null,
        "description": "Language selected, English"
    }
},
{
    "model": "service_development.callsessionstep",
    "pk": 17,
    "fields": {
        "time": "2019-04-24T17:29:52.444Z",
        "session": 11,
        "_visited_element": null,
        "description": "Registered as user: 112"
    }
},
{
    "model": "service_development.callsessionstep",
    "pk": 18,
    "fields": {
        "time": "2019-04-24T17:29:52.563Z",
        "session": 11,
        "_visited_element": 2,
        "description": null
    }
},
{
    "model": "service_development.callsessionstep",
    "pk": 19,
    "fields": {
        "time": "2019-04-24T17:31:13.931Z",
        "session": 11,
        "_visited_element": 5,
        "description": null
    }
},
{
    "model": "service_development.callsessionstep",
    "pk": 20,
    "fields": {
        "time": "2019-04-24T17:32:05.832Z",
        "session": 11,
        "_visited_element": 6,
        "description": null
    }
},
{
    "model": "service_development.callsessionstep",
    "pk": 24,
    "fields": {
        "time": "2019-04-24T17:49:04.823Z",
        "session": 13,
        "_visited_element": null,
        "description": "Registered as user: 222"
    }
},
{
    "model": "service_development.callsessionstep",
    "pk": 25,
    "fields": {
        "time": "2019-04-24T17:49:04.977Z",
        "session": 13,
        "_visited_element": 2,
        "description": null
    }
},
{
    "model": "service_development.callsessionstep",
    "pk": 26,
    "fields": {
        "time": "2019-04-24T17:50:40.979Z",
        "session": 13,
        "_visited_element": 5,
        "description": null
    }
},
{
    "model": "service_development.callsessionstep",
    "pk": 27,
    "fields": {
        "time": "2019-04-29T19:53:12.402Z",
        "session": 14,
        "_visited_element": 2,
        "description": null
    }
},
{
    "model": "service_development.callsessionstep",
    "pk": 28,
    "fields": {
        "time": "2019-04-29T19:54:28.957Z",
        "session": 11,
        "_visited_element": null,
        "description": "Language selected, English"
    }
},
{
    "model": "service_development.callsessionstep",
    "pk": 29,
    "fields": {
        "time": "2019-04-29T19:54:37.994Z",
        "session": 15,
        "_visited_element": 2,
        "description": null
    }
},
{
    "model": "service_development.callsessionstep",
    "pk": 30,
    "fields": {
        "time": "2019-04-29T19:55:01.540Z",
        "session": 15,
        "_visited_element": 5,
        "description": null
    }
},
{
    "model": "service_development.callsessionstep",
    "pk": 31,
    "fields": {
        "time": "2019-04-29T20:07:39.502Z",
        "session": 16,
        "_visited_element": null,
        "description": "Registered as user: 222"
    }
},
{
    "model": "service_development.callsessionstep",
    "pk": 32,
    "fields": {
        "time": "2019-04-29T20:07:53.173Z",
        "session": 17,
        "_visited_element": 10,
        "description": null
    }
},
{
    "model": "service_development.callsessionstep",
    "pk": 33,
    "fields": {
        "time": "2019-04-29T20:08:18.398Z",
        "session": 17,
        "_visited_element": 11,
        "description": null
    }
},
{
    "model": "service_development.callsessionstep",
    "pk": 34,
    "fields": {
        "time": "2019-04-29T20:12:11.690Z",
        "session": 18,
        "_visited_element": 10,
        "description": null
    }
},
{
    "model": "service_development.callsessionstep",
    "pk": 35,
    "fields": {
        "time": "2019-04-29T20:12:18.056Z",
        "session": 18,
        "_visited_element": 11,
        "description": null
    }
},
{
    "model": "service_development.callsessionstep",
    "pk": 36,
    "fields": {
        "time": "2019-04-29T20:13:31.057Z",
        "session": 18,
        "_visited_element": 11,
        "description": null
    }
},
{
    "model": "service_development.callsessionstep",
    "pk": 37,
    "fields": {
        "time": "2019-04-29T20:13:32.510Z",
        "session": 18,
        "_visited_element": 11,
        "description": null
    }
},
{
    "model": "service_development.callsessionstep",
    "pk": 38,
    "fields": {
        "time": "2019-04-29T20:13:33.371Z",
        "session": 18,
        "_visited_element": 11,
        "description": null
    }
},
{
    "model": "service_development.callsessionstep",
    "pk": 39,
    "fields": {
        "time": "2019-04-29T20:20:37.160Z",
        "session": 19,
        "_visited_element": 10,
        "description": null
    }
},
{
    "model": "service_development.callsessionstep",
    "pk": 40,
    "fields": {
        "time": "2019-04-29T20:20:54.606Z",
        "session": 19,
        "_visited_element": 11,
        "description": null
    }
},
{
    "model": "service_development.callsessionstep",
    "pk": 41,
    "fields": {
        "time": "2019-04-29T20:22:41.581Z",
        "session": 20,
        "_visited_element": 10,
        "description": null
    }
},
{
    "model": "service_development.callsessionstep",
    "pk": 42,
    "fields": {
        "time": "2019-04-29T20:22:47.473Z",
        "session": 20,
        "_visited_element": 11,
        "description": null
    }
},
{
    "model": "service_development.callsessionstep",
    "pk": 43,
    "fields": {
        "time": "2019-04-29T20:23:01.418Z",
        "session": 20,
        "_visited_element": 13,
        "description": null
    }
},
{
    "model": "service_development.callsessionstep",
    "pk": 44,
    "fields": {
        "time": "2019-04-29T20:23:15.211Z",
        "session": 20,
        "_visited_element": 16,
        "description": null
    }
},
{
    "model": "service_development.callsessionstep",
    "pk": 45,
    "fields": {
        "time": "2019-04-29T20:23:27.061Z",
        "session": 20,
        "_visited_element": 17,
        "description": null
    }
},
{
    "model": "service_development.callsessionstep",
    "pk": 46,
    "fields": {
        "time": "2019-04-29T20:23:42.184Z",
        "session": 20,
        "_visited_element": 15,
        "description": null
    }
},
{
    "model": "service_development.callsessionstep",
    "pk": 47,
    "fields": {
        "time": "2019-04-29T20:23:52.619Z",
        "session": 20,
        "_visited_element": 14,
        "description": null
    }
},
{
    "model": "service_development.callsessionstep",
    "pk": 48,
    "fields": {
        "time": "2019-04-29T20:25:04.627Z",
        "session": 21,
        "_visited_element": 10,
        "description": null
    }
},
{
    "model": "service_development.callsessionstep",
    "pk": 49,
    "fields": {
        "time": "2019-04-29T20:25:09.432Z",
        "session": 21,
        "_visited_element": 11,
        "description": null
    }
},
{
    "model": "service_development.callsessionstep",
    "pk": 50,
    "fields": {
        "time": "2019-04-29T20:25:13.584Z",
        "session": 21,
        "_visited_element": 13,
        "description": null
    }
},
{
    "model": "service_development.callsessionstep",
    "pk": 51,
    "fields": {
        "time": "2019-04-29T20:25:17.964Z",
        "session": 21,
        "_visited_element": 16,
        "description": null
    }
},
{
    "model": "service_development.callsessionstep",
    "pk": 52,
    "fields": {
        "time": "2019-04-29T20:25:23.104Z",
        "session": 21,
        "_visited_element": 17,
        "description": null
    }
},
{
    "model": "service_development.callsessionstep",
    "pk": 53,
    "fields": {
        "time": "2019-04-29T20:25:28.955Z",
        "session": 21,
        "_visited_element": 15,
        "description": null
    }
},
{
    "model": "service_development.callsessionstep",
    "pk": 54,
    "fields": {
        "time": "2019-04-29T20:25:34.936Z",
        "session": 21,
        "_visited_element": 14,
        "description": null
    }
},
{
    "model": "service_development.callsessionstep",
    "pk": 55,
    "fields": {
        "time": "2019-04-29T20:25:41.377Z",
        "session": 21,
        "_visited_element": 14,
        "description": null
    }
},
{
    "model": "service_development.callsessionstep",
    "pk": 56,
    "fields": {
        "time": "2019-04-29T20:25:51.875Z",
        "session": 21,
        "_visited_element": 6,
        "description": null
    }
},
{
    "model": "service_development.callsessionstep",
    "pk": 57,
    "fields": {
        "time": "2019-04-29T20:51:55.463Z",
        "session": 22,
        "_visited_element": 10,
        "description": null
    }
},
{
    "model": "service_development.callsessionstep",
    "pk": 58,
    "fields": {
        "time": "2019-04-29T20:52:02.877Z",
        "session": 22,
        "_visited_element": 11,
        "description": null
    }
},
{
    "model": "service_development.callsessionstep",
    "pk": 59,
    "fields": {
        "time": "2019-04-29T20:52:34.870Z",
        "session": 22,
        "_visited_element": 12,
        "description": null
    }
},
{
    "model": "service_development.callsessionstep",
    "pk": 60,
    "fields": {
        "time": "2019-04-30T09:50:36.611Z",
        "session": 23,
        "_visited_element": 10,
        "description": null
    }
},
{
    "model": "service_development.callsessionstep",
    "pk": 61,
    "fields": {
        "time": "2019-04-30T09:54:40.454Z",
        "session": 24,
        "_visited_element": 10,
        "description": null
    }
},
{
    "model": "service_development.callsessionstep",
    "pk": 62,
    "fields": {
        "time": "2019-04-30T09:54:55.971Z",
        "session": 25,
        "_visited_element": 10,
        "description": null
    }
},
{
    "model": "service_development.callsessionstep",
    "pk": 63,
    "fields": {
        "time": "2019-04-30T09:57:03.882Z",
        "session": 26,
        "_visited_element": 10,
        "description": null
    }
},
{
    "model": "service_development.callsessionstep",
    "pk": 64,
    "fields": {
        "time": "2019-04-30T09:57:55.358Z",
        "session": 27,
        "_visited_element": 10,
        "description": null
    }
},
{
    "model": "service_development.callsessionstep",
    "pk": 65,
    "fields": {
        "time": "2019-04-30T09:58:12.878Z",
        "session": 28,
        "_visited_element": 10,
        "description": null
    }
},
{
    "model": "service_development.callsessionstep",
    "pk": 66,
    "fields": {
        "time": "2019-04-30T09:58:36.359Z",
        "session": 29,
        "_visited_element": 10,
        "description": null
    }
},
{
    "model": "service_development.choice",
    "pk": 2,
    "fields": {}
},
{
    "model": "service_development.choiceoption",
    "pk": 3,
    "fields": {
        "parent": 2,
        "_redirect": 5
    }
},
{
    "model": "service_development.choiceoption",
    "pk": 4,
    "fields": {
        "parent": 2,
        "_redirect": 7
    }
},
{
    "model": "service_development.messagepresentation",
    "pk": 5,
    "fields": {
        "final_element": false,
        "_redirect": 6
    }
},
{
    "model": "service_development.messagepresentation",
    "pk": 6,
    "fields": {
        "final_element": true,
        "_redirect": null
    }
},
{
    "model": "service_development.messagepresentation",
    "pk": 7,
    "fields": {
        "final_element": false,
        "_redirect": 6
    }
},
{
    "model": "service_development.messagepresentation",
    "pk": 10,
    "fields": {
        "final_element": false,
        "_redirect": 11
    }
},
{
    "model": "service_development.messagepresentation",
    "pk": 11,
    "fields": {
        "final_element": false,
        "_redirect": 13
    }
},
{
    "model": "service_development.messagepresentation",
    "pk": 13,
    "fields": {
        "final_element": false,
        "_redirect": 16
    }
},
{
    "model": "service_development.messagepresentation",
    "pk": 14,
    "fields": {
        "final_element": false,
        "_redirect": 6
    }
},
{
    "model": "service_development.messagepresentation",
    "pk": 15,
    "fields": {
        "final_element": false,
        "_redirect": 14
    }
},
{
    "model": "service_development.messagepresentation",
    "pk": 16,
    "fields": {
        "final_element": false,
        "_redirect": 17
    }
},
{
    "model": "service_development.messagepresentation",
    "pk": 17,
    "fields": {
        "final_element": false,
        "_redirect": 15
    }
},
{
    "model": "service_development.record",
    "pk": 12,
    "fields": {
        "not_heard_voice_label": 2,
        "repeat_recording_to_caller": true,
        "repeat_voice_label": null,
        "ask_confirmation": true,
        "ask_confirmation_voice_label": null,
        "final_voice_label": null,
        "input_category": null,
        "max_time_input": 180,
        "_redirect": 6
    }
},
{
    "model": "auth.user",
    "pk": 1,
    "fields": {
        "password": "pbkdf2_sha256$100000$SlqfUvkkAclZ$dM0kEBJC0urN26Bh+yjyEefX76aeinQOLXW+/mbJjFg=",
        "last_login": "2019-04-30T09:37:27.015Z",
        "is_superuser": true,
        "username": "jeff",
        "first_name": "",
        "last_name": "",
        "email": "",
        "is_staff": true,
        "is_active": true,
        "date_joined": "2019-04-15T18:30:01.830Z",
        "groups": [],
        "user_permissions": []
    }
},
{
    "model": "auth.user",
    "pk": 2,
    "fields": {
        "password": "pbkdf2_sha256$100000$t4da854UIN8w$+5ih7CKjbPGYSC1/G1/rGZDVnE4L3s5vtPLEdc19800=",
        "last_login": "2019-04-17T09:07:38.343Z",
        "is_superuser": true,
        "username": "miguel",
        "first_name": "",
        "last_name": "",
        "email": "",
        "is_staff": true,
        "is_active": true,
        "date_joined": "2019-04-15T18:30:31.090Z",
        "groups": [],
        "user_permissions": []
    }
},
{
    "model": "auth.user",
    "pk": 3,
    "fields": {
        "password": "pbkdf2_sha256$100000$t9nMhua1GFAW$5viqrqfzIZCEy0N+DvdupCGEIX6esOmGkvKM4i1V1Hs=",
        "last_login": "2019-04-29T21:26:58.211Z",
        "is_superuser": true,
        "username": "ersin",
        "first_name": "",
        "last_name": "",
        "email": "",
        "is_staff": true,
        "is_active": true,
        "date_joined": "2019-04-15T18:30:54.161Z",
        "groups": [],
        "user_permissions": []
    }
},
{
    "model": "sessions.session",
    "pk": "2myhoqkn42vfguu02zxv8eatxoa0cntw",
    "fields": {
        "session_data": "NDA4MzY2ZWUzMWJiNmMxMzUyYTI5ZGI1MzhkMTFkZGNjNDI4ZTYzYjp7Il9hdXRoX3VzZXJfaWQiOiIzIiwiX2F1dGhfdXNlcl9iYWNrZW5kIjoiZGphbmdvLmNvbnRyaWIuYXV0aC5iYWNrZW5kcy5Nb2RlbEJhY2tlbmQiLCJfYXV0aF91c2VyX2hhc2giOiJhZGI0ZWE0Yjg5YTU0ZWRhZWUyNTZiMWZkOTk2OTQyMWM3ODhmZGFjIn0=",
        "expire_date": "2019-05-13T21:26:58.216Z"
    }
},
{
    "model": "sessions.session",
    "pk": "3pzruhx34b35w7mqy4194igvr99uk9tx",
    "fields": {
        "session_data": "Mjk3YjkwYTg4MTU1NDcwNDdkMjgwOTQ5NzBhMjI3NzU3YTdlMTA2MTp7Il9hdXRoX3VzZXJfaWQiOiIxIiwiX2F1dGhfdXNlcl9iYWNrZW5kIjoiZGphbmdvLmNvbnRyaWIuYXV0aC5iYWNrZW5kcy5Nb2RlbEJhY2tlbmQiLCJfYXV0aF91c2VyX2hhc2giOiIxNDIwMjMxZTcxZjk2OGY3YmNiMjgxYTA3OThhNDIzNzY3ZDFkMWZmIn0=",
        "expire_date": "2019-05-10T13:03:24.572Z"
    }
},
{
    "model": "sessions.session",
    "pk": "5sf5kojvm1if5ucth4kqp8etdj8mavfg",
    "fields": {
        "session_data": "Mjk3YjkwYTg4MTU1NDcwNDdkMjgwOTQ5NzBhMjI3NzU3YTdlMTA2MTp7Il9hdXRoX3VzZXJfaWQiOiIxIiwiX2F1dGhfdXNlcl9iYWNrZW5kIjoiZGphbmdvLmNvbnRyaWIuYXV0aC5iYWNrZW5kcy5Nb2RlbEJhY2tlbmQiLCJfYXV0aF91c2VyX2hhc2giOiIxNDIwMjMxZTcxZjk2OGY3YmNiMjgxYTA3OThhNDIzNzY3ZDFkMWZmIn0=",
        "expire_date": "2019-04-29T18:31:18.648Z"
    }
},
{
    "model": "sessions.session",
    "pk": "cm0vxilokncv6ik33hwrw23casg5vrd8",
    "fields": {
        "session_data": "Mjk3YjkwYTg4MTU1NDcwNDdkMjgwOTQ5NzBhMjI3NzU3YTdlMTA2MTp7Il9hdXRoX3VzZXJfaWQiOiIxIiwiX2F1dGhfdXNlcl9iYWNrZW5kIjoiZGphbmdvLmNvbnRyaWIuYXV0aC5iYWNrZW5kcy5Nb2RlbEJhY2tlbmQiLCJfYXV0aF91c2VyX2hhc2giOiIxNDIwMjMxZTcxZjk2OGY3YmNiMjgxYTA3OThhNDIzNzY3ZDFkMWZmIn0=",
        "expire_date": "2019-05-13T18:32:50.114Z"
    }
},
{
    "model": "sessions.session",
    "pk": "dvxa759sm6npe20gpnb2e0ey25iz2cwu",
    "fields": {
        "session_data": "YWJhMzkyNWI5NWIwYjlkMjA2NzM2OGIxMmQxMTdlOTk1ZjFjNWFmYTp7Il9hdXRoX3VzZXJfaWQiOiIyIiwiX2F1dGhfdXNlcl9iYWNrZW5kIjoiZGphbmdvLmNvbnRyaWIuYXV0aC5iYWNrZW5kcy5Nb2RlbEJhY2tlbmQiLCJfYXV0aF91c2VyX2hhc2giOiJmYmNmNjI3ZjUyODg3OGM3M2RmN2U1NTU0MmM4Y2Q5YzU5ZGRiYzFmIn0=",
        "expire_date": "2019-05-01T09:07:38.348Z"
    }
},
{
    "model": "sessions.session",
    "pk": "i77pggy81cn0br33mvyse6vosky1zfus",
    "fields": {
        "session_data": "NDA4MzY2ZWUzMWJiNmMxMzUyYTI5ZGI1MzhkMTFkZGNjNDI4ZTYzYjp7Il9hdXRoX3VzZXJfaWQiOiIzIiwiX2F1dGhfdXNlcl9iYWNrZW5kIjoiZGphbmdvLmNvbnRyaWIuYXV0aC5iYWNrZW5kcy5Nb2RlbEJhY2tlbmQiLCJfYXV0aF91c2VyX2hhc2giOiJhZGI0ZWE0Yjg5YTU0ZWRhZWUyNTZiMWZkOTk2OTQyMWM3ODhmZGFjIn0=",
        "expire_date": "2019-04-29T18:35:51.404Z"
    }
},
{
    "model": "sessions.session",
    "pk": "jyezbx9ybjvmnbay2wgmicay654ei7uc",
    "fields": {
        "session_data": "Mjk3YjkwYTg4MTU1NDcwNDdkMjgwOTQ5NzBhMjI3NzU3YTdlMTA2MTp7Il9hdXRoX3VzZXJfaWQiOiIxIiwiX2F1dGhfdXNlcl9iYWNrZW5kIjoiZGphbmdvLmNvbnRyaWIuYXV0aC5iYWNrZW5kcy5Nb2RlbEJhY2tlbmQiLCJfYXV0aF91c2VyX2hhc2giOiIxNDIwMjMxZTcxZjk2OGY3YmNiMjgxYTA3OThhNDIzNzY3ZDFkMWZmIn0=",
        "expire_date": "2019-05-14T09:37:27.021Z"
    }
},
{
    "model": "admin.logentry",
    "pk": 1,
    "fields": {
        "action_time": "2019-04-17T18:23:22.780Z",
        "user": [
            "jeff"
        ],
        "content_type": [
            "service_development",
            "voiceservice"
        ],
        "object_id": "1",
        "object_repr": "Voice Service: King's truth checker",
        "action_flag": 2,
        "change_message": "[{\"changed\": {\"fields\": [\"active\"]}}]"
    }
},
{
    "model": "admin.logentry",
    "pk": 2,
    "fields": {
        "action_time": "2019-04-24T17:16:51.680Z",
        "user": [
            "jeff"
        ],
        "content_type": [
            "service_development",
            "callsession"
        ],
        "object_id": "1",
        "object_repr": "111 (04/24/2019 5:09 p.m.)",
        "action_flag": 3,
        "change_message": ""
    }
},
{
    "model": "admin.logentry",
    "pk": 3,
    "fields": {
        "action_time": "2019-04-24T17:21:51.869Z",
        "user": [
            "jeff"
        ],
        "content_type": [
            "service_development",
            "callsession"
        ],
        "object_id": "3",
        "object_repr": "112 (04/24/2019 5:19 p.m.)",
        "action_flag": 3,
        "change_message": ""
    }
},
{
    "model": "admin.logentry",
    "pk": 4,
    "fields": {
        "action_time": "2019-04-24T17:23:02.049Z",
        "user": [
            "jeff"
        ],
        "content_type": [
            "service_development",
            "callsession"
        ],
        "object_id": "4",
        "object_repr": "112 (04/24/2019 5:22 p.m.)",
        "action_flag": 3,
        "change_message": ""
    }
},
{
    "model": "admin.logentry",
    "pk": 5,
    "fields": {
        "action_time": "2019-04-24T17:24:09.428Z",
        "user": [
            "jeff"
        ],
        "content_type": [
            "service_development",
            "callsession"
        ],
        "object_id": "5",
        "object_repr": "112 (04/24/2019 5:23 p.m.)",
        "action_flag": 3,
        "change_message": ""
    }
},
{
    "model": "admin.logentry",
    "pk": 6,
    "fields": {
        "action_time": "2019-04-24T17:25:16.963Z",
        "user": [
            "jeff"
        ],
        "content_type": [
            "service_development",
            "callsession"
        ],
        "object_id": "6",
        "object_repr": "112 (04/24/2019 5:24 p.m.)",
        "action_flag": 3,
        "change_message": ""
    }
},
{
    "model": "admin.logentry",
    "pk": 7,
    "fields": {
        "action_time": "2019-04-24T17:27:44.372Z",
        "user": [
            "jeff"
        ],
        "content_type": [
            "service_development",
            "callsession"
        ],
        "object_id": "9",
        "object_repr": "112 (04/24/2019 5:27 p.m.)",
        "action_flag": 3,
        "change_message": ""
    }
},
{
    "model": "admin.logentry",
    "pk": 8,
    "fields": {
        "action_time": "2019-04-24T17:27:44.378Z",
        "user": [
            "jeff"
        ],
        "content_type": [
            "service_development",
            "callsession"
        ],
        "object_id": "8",
        "object_repr": "None (04/24/2019 5:26 p.m.)",
        "action_flag": 3,
        "change_message": ""
    }
},
{
    "model": "admin.logentry",
    "pk": 9,
    "fields": {
        "action_time": "2019-04-24T17:27:44.382Z",
        "user": [
            "jeff"
        ],
        "content_type": [
            "service_development",
            "callsession"
        ],
        "object_id": "7",
        "object_repr": "112 (04/24/2019 5:25 p.m.)",
        "action_flag": 3,
        "change_message": ""
    }
},
{
    "model": "admin.logentry",
    "pk": 10,
    "fields": {
        "action_time": "2019-04-24T17:28:17.866Z",
        "user": [
            "jeff"
        ],
        "content_type": [
            "service_development",
            "kasadakauser"
        ],
        "object_id": "3",
        "object_repr": "112",
        "action_flag": 3,
        "change_message": ""
    }
},
{
    "model": "admin.logentry",
    "pk": 11,
    "fields": {
        "action_time": "2019-04-24T17:28:37.721Z",
        "user": [
            "jeff"
        ],
        "content_type": [
            "service_development",
            "callsession"
        ],
        "object_id": "10",
        "object_repr": "112 (04/24/2019 5:28 p.m.)",
        "action_flag": 3,
        "change_message": ""
    }
},
{
    "model": "admin.logentry",
    "pk": 12,
    "fields": {
        "action_time": "2019-04-24T17:38:53.248Z",
        "user": [
            "jeff"
        ],
        "content_type": [
            "service_development",
            "voiceservice"
        ],
        "object_id": "2",
        "object_repr": "Voice Service: Caspar",
        "action_flag": 1,
        "change_message": "[{\"added\": {}}]"
    }
},
{
    "model": "admin.logentry",
    "pk": 13,
    "fields": {
        "action_time": "2019-04-24T17:48:30.968Z",
        "user": [
            "jeff"
        ],
        "content_type": [
            "service_development",
            "callsession"
        ],
        "object_id": "12",
        "object_repr": "222 (04/24/2019 5:42 p.m.)",
        "action_flag": 3,
        "change_message": ""
    }
},
{
    "model": "admin.logentry",
    "pk": 14,
    "fields": {
        "action_time": "2019-04-24T17:48:43.991Z",
        "user": [
            "jeff"
        ],
        "content_type": [
            "service_development",
            "kasadakauser"
        ],
        "object_id": "5",
        "object_repr": "222",
        "action_flag": 3,
        "change_message": ""
    }
},
{
    "model": "admin.logentry",
    "pk": 15,
    "fields": {
        "action_time": "2019-04-24T18:13:34.415Z",
        "user": [
            "jeff"
        ],
        "content_type": [
            "service_development",
            "messagepresentation"
        ],
        "object_id": "8",
        "object_repr": "Message: Welcome to Caspar",
        "action_flag": 1,
        "change_message": "[{\"added\": {}}]"
    }
},
{
    "model": "admin.logentry",
    "pk": 16,
    "fields": {
        "action_time": "2019-04-24T18:14:35.948Z",
        "user": [
            "jeff"
        ],
        "content_type": [
            "service_development",
            "messagepresentation"
        ],
        "object_id": "9",
        "object_repr": "Message: Please identify yourself after the beep.",
        "action_flag": 1,
        "change_message": "[{\"added\": {}}]"
    }
},
{
    "model": "admin.logentry",
    "pk": 17,
    "fields": {
        "action_time": "2019-04-24T18:14:44.997Z",
        "user": [
            "jeff"
        ],
        "content_type": [
            "service_development",
            "messagepresentation"
        ],
        "object_id": "8",
        "object_repr": "Message: Welcome to Caspar",
        "action_flag": 2,
        "change_message": "[{\"changed\": {\"fields\": [\"_redirect\"]}}]"
    }
},
{
    "model": "admin.logentry",
    "pk": 18,
    "fields": {
        "action_time": "2019-04-24T18:14:51.351Z",
        "user": [
            "jeff"
        ],
        "content_type": [
            "service_development",
            "messagepresentation"
        ],
        "object_id": "8",
        "object_repr": "Message: Welcome to Caspar",
        "action_flag": 2,
        "change_message": "[]"
    }
},
{
    "model": "admin.logentry",
    "pk": 19,
    "fields": {
        "action_time": "2019-04-29T18:32:52.835Z",
        "user": [
            "jeff"
        ],
        "content_type": [
            "service_development",
            "voiceservice"
        ],
        "object_id": "2",
        "object_repr": "Voice Service: Caspar",
        "action_flag": 3,
        "change_message": ""
    }
},
{
    "model": "admin.logentry",
    "pk": 20,
    "fields": {
        "action_time": "2019-04-29T19:53:28.601Z",
        "user": [
            "jeff"
        ],
        "content_type": [
            "service_development",
            "voiceservice"
        ],
        "object_id": "3",
        "object_repr": "Voice Service: Caspar",
        "action_flag": 1,
        "change_message": "[{\"added\": {}}]"
    }
},
{
    "model": "admin.logentry",
    "pk": 21,
    "fields": {
        "action_time": "2019-04-29T19:56:00.486Z",
        "user": [
            "jeff"
        ],
        "content_type": [
            "service_development",
            "messagepresentation"
        ],
        "object_id": "10",
        "object_repr": "Message: Welcome to Caspar",
        "action_flag": 1,
        "change_message": "[{\"added\": {}}]"
    }
},
{
    "model": "admin.logentry",
    "pk": 22,
    "fields": {
        "action_time": "2019-04-29T19:56:36.960Z",
        "user": [
            "jeff"
        ],
        "content_type": [
            "service_development",
            "voicelabel"
        ],
        "object_id": "26",
        "object_repr": "Voice Label: Welcome to Caspar",
        "action_flag": 1,
        "change_message": "[{\"added\": {}}, {\"added\": {\"name\": \"Voice Fragment\", \"object\": \"Voice Fragment: (English) Welcome to Caspar\"}}]"
    }
},
{
    "model": "admin.logentry",
    "pk": 23,
    "fields": {
        "action_time": "2019-04-29T19:58:16.670Z",
        "user": [
            "jeff"
        ],
        "content_type": [
            "service_development",
            "voicelabel"
        ],
        "object_id": "27",
        "object_repr": "Voice Label: Identify yourself",
        "action_flag": 1,
        "change_message": "[{\"added\": {}}, {\"added\": {\"name\": \"Voice Fragment\", \"object\": \"Voice Fragment: (English) Identify yourself\"}}]"
    }
},
{
    "model": "admin.logentry",
    "pk": 24,
    "fields": {
        "action_time": "2019-04-29T19:59:07.456Z",
        "user": [
            "jeff"
        ],
        "content_type": [
            "service_development",
            "voicelabel"
        ],
        "object_id": "28",
        "object_repr": "Voice Label: Profile start",
        "action_flag": 1,
        "change_message": "[{\"added\": {}}, {\"added\": {\"name\": \"Voice Fragment\", \"object\": \"Voice Fragment: (English) Profile start\"}}]"
    }
},
{
    "model": "admin.logentry",
    "pk": 25,
    "fields": {
        "action_time": "2019-04-29T19:59:31.704Z",
        "user": [
            "jeff"
        ],
        "content_type": [
            "service_development",
            "voicelabel"
        ],
        "object_id": "29",
        "object_repr": "Voice Label: Provide crop size",
        "action_flag": 1,
        "change_message": "[{\"added\": {}}]"
    }
},
{
    "model": "admin.logentry",
    "pk": 26,
    "fields": {
        "action_time": "2019-04-29T20:00:05.638Z",
        "user": [
            "jeff"
        ],
        "content_type": [
            "service_development",
            "voicelabel"
        ],
        "object_id": "30",
        "object_repr": "Voice Label: Provide crop",
        "action_flag": 1,
        "change_message": "[{\"added\": {}}, {\"added\": {\"name\": \"Voice Fragment\", \"object\": \"Voice Fragment: (English) Provide crop\"}}]"
    }
},
{
    "model": "admin.logentry",
    "pk": 27,
    "fields": {
        "action_time": "2019-04-29T20:00:46.932Z",
        "user": [
            "jeff"
        ],
        "content_type": [
            "service_development",
            "voicelabel"
        ],
        "object_id": "31",
        "object_repr": "Voice Label: Select Region",
        "action_flag": 1,
        "change_message": "[{\"added\": {}}, {\"added\": {\"name\": \"Voice Fragment\", \"object\": \"Voice Fragment: (English) Select Region\"}}]"
    }
},
{
    "model": "admin.logentry",
    "pk": 28,
    "fields": {
        "action_time": "2019-04-29T20:01:30.228Z",
        "user": [
            "jeff"
        ],
        "content_type": [
            "service_development",
            "voiceservice"
        ],
        "object_id": "3",
        "object_repr": "Voice Service: Caspar",
        "action_flag": 2,
        "change_message": "[{\"changed\": {\"fields\": [\"_start_element\"]}}]"
    }
},
{
    "model": "admin.logentry",
    "pk": 29,
    "fields": {
        "action_time": "2019-04-29T20:02:53.839Z",
        "user": [
            "jeff"
        ],
        "content_type": [
            "service_development",
            "messagepresentation"
        ],
        "object_id": "10",
        "object_repr": "Message: Welcome to Caspar",
        "action_flag": 2,
        "change_message": "[{\"changed\": {\"fields\": [\"voice_label\"]}}]"
    }
},
{
    "model": "admin.logentry",
    "pk": 30,
    "fields": {
        "action_time": "2019-04-29T20:03:20.695Z",
        "user": [
            "jeff"
        ],
        "content_type": [
            "service_development",
            "messagepresentation"
        ],
        "object_id": "11",
        "object_repr": "Message: Identify yourself",
        "action_flag": 1,
        "change_message": "[{\"added\": {}}]"
    }
},
{
    "model": "admin.logentry",
    "pk": 31,
    "fields": {
        "action_time": "2019-04-29T20:03:26.535Z",
        "user": [
            "jeff"
        ],
        "content_type": [
            "service_development",
            "messagepresentation"
        ],
        "object_id": "10",
        "object_repr": "Message: Welcome to Caspar",
        "action_flag": 2,
        "change_message": "[{\"changed\": {\"fields\": [\"_redirect\"]}}]"
    }
},
{
    "model": "admin.logentry",
    "pk": 32,
    "fields": {
        "action_time": "2019-04-29T20:06:59.068Z",
        "user": [
            "jeff"
        ],
        "content_type": [
            "service_development",
            "messagepresentation"
        ],
        "object_id": "11",
        "object_repr": "Message: Identify yourself",
        "action_flag": 2,
        "change_message": "[{\"changed\": {\"fields\": [\"final_element\"]}}]"
    }
},
{
    "model": "admin.logentry",
    "pk": 33,
    "fields": {
        "action_time": "2019-04-29T20:07:46.905Z",
        "user": [
            "jeff"
        ],
        "content_type": [
            "service_development",
            "voiceservice"
        ],
        "object_id": "3",
        "object_repr": "Voice Service: Caspar",
        "action_flag": 2,
        "change_message": "[{\"changed\": {\"fields\": [\"registration\"]}}]"
    }
},
{
    "model": "admin.logentry",
    "pk": 34,
    "fields": {
        "action_time": "2019-04-29T20:10:07.467Z",
        "user": [
            "jeff"
        ],
        "content_type": [
            "service_development",
            "record"
        ],
        "object_id": "12",
        "object_repr": "Record: Name",
        "action_flag": 1,
        "change_message": "[{\"added\": {}}]"
    }
},
{
    "model": "admin.logentry",
    "pk": 35,
    "fields": {
        "action_time": "2019-04-29T20:11:40.854Z",
        "user": [
            "jeff"
        ],
        "content_type": [
            "service_development",
            "record"
        ],
        "object_id": "12",
        "object_repr": "Record: Name",
        "action_flag": 2,
        "change_message": "[{\"changed\": {\"fields\": [\"_redirect\"]}}]"
    }
},
{
    "model": "admin.logentry",
    "pk": 36,
    "fields": {
        "action_time": "2019-04-29T20:11:54.513Z",
        "user": [
            "jeff"
        ],
        "content_type": [
            "service_development",
            "messagepresentation"
        ],
        "object_id": "11",
        "object_repr": "Message: Identify yourself",
        "action_flag": 2,
        "change_message": "[{\"changed\": {\"fields\": [\"_redirect\"]}}]"
    }
},
{
    "model": "admin.logentry",
    "pk": 37,
    "fields": {
        "action_time": "2019-04-29T20:14:15.093Z",
        "user": [
            "jeff"
        ],
        "content_type": [
            "service_development",
            "messagepresentation"
        ],
        "object_id": "13",
        "object_repr": "Message: Profile start",
        "action_flag": 1,
        "change_message": "[{\"added\": {}}]"
    }
},
{
    "model": "admin.logentry",
    "pk": 38,
    "fields": {
        "action_time": "2019-04-29T20:14:29.307Z",
        "user": [
            "jeff"
        ],
        "content_type": [
            "service_development",
            "messagepresentation"
        ],
        "object_id": "14",
        "object_repr": "Message: Provide crop",
        "action_flag": 1,
        "change_message": "[{\"added\": {}}]"
    }
},
{
    "model": "admin.logentry",
    "pk": 39,
    "fields": {
        "action_time": "2019-04-29T20:14:47.109Z",
        "user": [
            "jeff"
        ],
        "content_type": [
            "service_development",
            "messagepresentation"
        ],
        "object_id": "15",
        "object_repr": "Message: Provide crop size",
        "action_flag": 1,
        "change_message": "[{\"added\": {}}]"
    }
},
{
    "model": "admin.logentry",
    "pk": 40,
    "fields": {
        "action_time": "2019-04-29T20:15:53.033Z",
        "user": [
            "jeff"
        ],
        "content_type": [
            "service_development",
            "messagepresentation"
        ],
        "object_id": "16",
        "object_repr": "Message: Select Region",
        "action_flag": 1,
        "change_message": "[{\"added\": {}}]"
    }
},
{
    "model": "admin.logentry",
    "pk": 41,
    "fields": {
        "action_time": "2019-04-29T20:16:12.461Z",
        "user": [
            "jeff"
        ],
        "content_type": [
            "service_development",
            "messagepresentation"
        ],
        "object_id": "17",
        "object_repr": "Message: Select village",
        "action_flag": 1,
        "change_message": "[{\"added\": {}}]"
    }
},
{
    "model": "admin.logentry",
    "pk": 42,
    "fields": {
        "action_time": "2019-04-29T20:17:09.281Z",
        "user": [
            "jeff"
        ],
        "content_type": [
            "service_development",
            "voicelabel"
        ],
        "object_id": "32",
        "object_repr": "Voice Label: Select village",
        "action_flag": 1,
        "change_message": "[{\"added\": {}}, {\"added\": {\"name\": \"Voice Fragment\", \"object\": \"Voice Fragment: (English) Select village\"}}]"
    }
},
{
    "model": "admin.logentry",
    "pk": 43,
    "fields": {
        "action_time": "2019-04-29T20:17:21.464Z",
        "user": [
            "jeff"
        ],
        "content_type": [
            "service_development",
            "messagepresentation"
        ],
        "object_id": "16",
        "object_repr": "Message: Select Region",
        "action_flag": 2,
        "change_message": "[{\"changed\": {\"fields\": [\"_redirect\"]}}]"
    }
},
{
    "model": "admin.logentry",
    "pk": 44,
    "fields": {
        "action_time": "2019-04-29T20:18:06.247Z",
        "user": [
            "jeff"
        ],
        "content_type": [
            "service_development",
            "messagepresentation"
        ],
        "object_id": "17",
        "object_repr": "Message: Select Village",
        "action_flag": 2,
        "change_message": "[{\"changed\": {\"fields\": [\"name\", \"voice_label\", \"_redirect\"]}}]"
    }
},
{
    "model": "admin.logentry",
    "pk": 45,
    "fields": {
        "action_time": "2019-04-29T20:18:18.922Z",
        "user": [
            "jeff"
        ],
        "content_type": [
            "service_development",
            "messagepresentation"
        ],
        "object_id": "15",
        "object_repr": "Message: Provide crop size",
        "action_flag": 2,
        "change_message": "[{\"changed\": {\"fields\": [\"_redirect\"]}}]"
    }
},
{
    "model": "admin.logentry",
    "pk": 46,
    "fields": {
        "action_time": "2019-04-29T20:18:50.100Z",
        "user": [
            "jeff"
        ],
        "content_type": [
            "service_development",
            "voicelabel"
        ],
        "object_id": "29",
        "object_repr": "Voice Label: Provide crop size",
        "action_flag": 2,
        "change_message": "[{\"added\": {\"name\": \"Voice Fragment\", \"object\": \"Voice Fragment: (English) Provide crop size\"}}]"
    }
},
{
    "model": "admin.logentry",
    "pk": 47,
    "fields": {
        "action_time": "2019-04-29T20:19:18.997Z",
        "user": [
            "jeff"
        ],
        "content_type": [
            "service_development",
            "messagepresentation"
        ],
        "object_id": "14",
        "object_repr": "Message: Provide crop",
        "action_flag": 2,
        "change_message": "[{\"changed\": {\"fields\": [\"_redirect\", \"final_element\"]}}]"
    }
},
{
    "model": "admin.logentry",
    "pk": 48,
    "fields": {
        "action_time": "2019-04-29T20:20:17.190Z",
        "user": [
            "jeff"
        ],
        "content_type": [
            "service_development",
            "messagepresentation"
        ],
        "object_id": "13",
        "object_repr": "Message: Profile start",
        "action_flag": 2,
        "change_message": "[{\"changed\": {\"fields\": [\"_redirect\"]}}]"
    }
},
{
    "model": "admin.logentry",
    "pk": 49,
    "fields": {
        "action_time": "2019-04-29T20:20:29.311Z",
        "user": [
            "jeff"
        ],
        "content_type": [
            "service_development",
            "messagepresentation"
        ],
        "object_id": "11",
        "object_repr": "Message: Identify yourself",
        "action_flag": 2,
        "change_message": "[{\"changed\": {\"fields\": [\"_redirect\"]}}]"
    }
},
{
    "model": "admin.logentry",
    "pk": 50,
    "fields": {
        "action_time": "2019-04-29T20:21:08.286Z",
        "user": [
            "jeff"
        ],
        "content_type": [
            "service_development",
            "messagepresentation"
        ],
        "object_id": "11",
        "object_repr": "Message: Identify yourself",
        "action_flag": 2,
        "change_message": "[{\"changed\": {\"fields\": [\"final_element\"]}}]"
    }
},
{
    "model": "admin.logentry",
    "pk": 51,
    "fields": {
        "action_time": "2019-04-29T20:24:49.773Z",
        "user": [
            "jeff"
        ],
        "content_type": [
            "service_development",
            "messagepresentation"
        ],
        "object_id": "14",
        "object_repr": "Message: Provide crop",
        "action_flag": 2,
        "change_message": "[{\"changed\": {\"fields\": [\"final_element\"]}}]"
    }
},
{
    "model": "admin.logentry",
    "pk": 52,
    "fields": {
        "action_time": "2019-04-29T20:51:32.837Z",
        "user": [
            "jeff"
        ],
        "content_type": [
            "service_development",
            "record"
        ],
        "object_id": "12",
        "object_repr": "Record: Name",
        "action_flag": 2,
        "change_message": "[{\"changed\": {\"fields\": [\"not_heard_voice_label\"]}}]"
    }
},
{
    "model": "admin.logentry",
    "pk": 53,
    "fields": {
        "action_time": "2019-04-29T20:51:48.789Z",
        "user": [
            "jeff"
        ],
        "content_type": [
            "service_development",
            "messagepresentation"
        ],
        "object_id": "11",
        "object_repr": "Message: Identify yourself",
        "action_flag": 2,
        "change_message": "[{\"changed\": {\"fields\": [\"_redirect\"]}}]"
    }
},
{
    "model": "admin.logentry",
    "pk": 54,
    "fields": {
        "action_time": "2019-04-29T20:53:52.740Z",
        "user": [
            "jeff"
        ],
        "content_type": [
            "service_development",
            "messagepresentation"
        ],
        "object_id": "11",
        "object_repr": "Message: Identify yourself",
        "action_flag": 2,
        "change_message": "[{\"changed\": {\"fields\": [\"_redirect\"]}}]"
    }
}
]
