[
{
  "model": "service_development.voicelabel",
  "pk": 1,
  "fields": {
    "name": "Dutch language",
    "description": "Nederlandse taal"
  }
},
{
  "model": "service_development.voicelabel",
  "pk": 2,
  "fields": {
    "name": "General error message",
    "description": ""
  }
},
{
  "model": "service_development.voicelabel",
  "pk": 3,
  "fields": {
    "name": "This is the truth",
    "description": ""
  }
},
{
  "model": "service_development.voicelabel",
  "pk": 4,
  "fields": {
    "name": "English language",
    "description": ""
  }
},
{
  "model": "service_development.voicelabel",
  "pk": 5,
  "fields": {
    "name": "Thank you for using this service",
    "description": ""
  }
},
{
  "model": "service_development.voicelabel",
  "pk": 6,
  "fields": {
    "name": "Wow, it must be a really boring guy!",
    "description": ""
  }
},
{
  "model": "service_development.voicelabel",
  "pk": 7,
  "fields": {
    "name": "French language",
    "description": ""
  }
},
{
  "model": "service_development.voicelabel",
  "pk": 8,
  "fields": {
    "name": "Please select your language",
    "description": ""
  }
},
{
  "model": "service_development.voicelabel",
  "pk": 9,
  "fields": {
    "name": "Pre Choice Option",
    "description": ""
  }
},
{
  "model": "service_development.voicelabel",
  "pk": 10,
  "fields": {
    "name": "Post Choice Option",
    "description": ""
  }
},
{
  "model": "service_development.voicelabel",
  "pk": 11,
  "fields": {
    "name": "One",
    "description": ""
  }
},
{
  "model": "service_development.voicelabel",
  "pk": 12,
  "fields": {
    "name": "Two",
    "description": ""
  }
},
{
  "model": "service_development.voicelabel",
  "pk": 13,
  "fields": {
    "name": "Three",
    "description": ""
  }
},
{
  "model": "service_development.voicelabel",
  "pk": 14,
  "fields": {
    "name": "Four",
    "description": null
  }
},
{
  "model": "service_development.voicelabel",
  "pk": 15,
  "fields": {
    "name": "Five",
    "description": ""
  }
},
{
  "model": "service_development.voicelabel",
  "pk": 16,
  "fields": {
    "name": "Six",
    "description": ""
  }
},
{
  "model": "service_development.voicelabel",
  "pk": 17,
  "fields": {
    "name": "Seven",
    "description": ""
  }
},
{
  "model": "service_development.voicelabel",
  "pk": 18,
  "fields": {
    "name": "Eight",
    "description": ""
  }
},
{
  "model": "service_development.voicelabel",
  "pk": 19,
  "fields": {
    "name": "Nine",
    "description": ""
  }
},
{
  "model": "service_development.voicelabel",
  "pk": 20,
  "fields": {
    "name": "Zero",
    "description": ""
  }
},
{
  "model": "service_development.voicelabel",
  "pk": 21,
  "fields": {
    "name": "Yes",
    "description": ""
  }
},
{
  "model": "service_development.voicelabel",
  "pk": 22,
  "fields": {
    "name": "No",
    "description": ""
  }
},
{
  "model": "service_development.voicelabel",
  "pk": 23,
  "fields": {
    "name": "Does the king like to drink beer?",
    "description": ""
  }
},
{
  "model": "service_development.voicelabel",
  "pk": 25,
  "fields": {
    "name": "Please speak your message",
    "description": ""
  }
},
{
  "model": "service_development.voicelabel",
  "pk": 26,
  "fields": {
    "name": "Welcome to Caspar",
    "description": "Welcome message"
  }
},
{
  "model": "service_development.voicelabel",
  "pk": 27,
  "fields": {
    "name": "Identify yourself",
    "description": "identification message"
  }
},
{
  "model": "service_development.voicelabel",
  "pk": 28,
  "fields": {
    "name": "Profile start",
    "description": "Profile introduction message"
  }
},
{
  "model": "service_development.voicelabel",
  "pk": 29,
  "fields": {
    "name": "Provide crop size",
    "description": "Crop size question"
  }
},
{
  "model": "service_development.voicelabel",
  "pk": 30,
  "fields": {
    "name": "Provide crop",
    "description": "Provice crop quesiton"
  }
},
{
  "model": "service_development.voicelabel",
  "pk": 31,
  "fields": {
    "name": "Select Region",
    "description": "Region message"
  }
},
{
  "model": "service_development.voicelabel",
  "pk": 32,
  "fields": {
    "name": "Select village",
    "description": null
  }
},
{
  "model": "service_development.voicelabel",
  "pk": 33,
  "fields": {
    "name": "Region Kayes",
    "description": "Kayes"
  }
},
{
  "model": "service_development.voicelabel",
  "pk": 34,
  "fields": {
    "name": "Village Kayes Bafoulabe",
    "description": null
  }
},
{
  "model": "service_development.voicelabel",
  "pk": 35,
  "fields": {
    "name": "Village Kayes Diema",
    "description": null
  }
},
{
  "model": "service_development.voicelabel",
  "pk": 36,
  "fields": {
    "name": "Village Kayes Kayes",
    "description": null
  }
},
{
  "model": "service_development.voicelabel",
  "pk": 37,
  "fields": {
    "name": "Village Kayes Kenieba",
    "description": null
  }
},
{
  "model": "service_development.voicelabel",
  "pk": 38,
  "fields": {
    "name": "Village Kayes Kita",
    "description": null
  }
},
{
  "model": "service_development.voicelabel",
  "pk": 39,
  "fields": {
    "name": "Village Kayes Nioro",
    "description": null
  }
},
{
  "model": "service_development.voicelabel",
  "pk": 40,
  "fields": {
    "name": "Village Kayes Yelimane",
    "description": null
  }
},
{
  "model": "service_development.voicelabel",
  "pk": 41,
  "fields": {
    "name": "Region Koulikoro",
    "description": null
  }
},
{
  "model": "service_development.voicelabel",
  "pk": 42,
  "fields": {
    "name": "Village Koulikoro Banamba",
    "description": null
  }
},
{
  "model": "service_development.voicelabel",
  "pk": 43,
  "fields": {
    "name": "Village Koulikoro Diola",
    "description": null
  }
},
{
  "model": "service_development.voicelabel",
  "pk": 44,
  "fields": {
    "name": "Village Koulikoro Kangaba",
    "description": null
  }
},
{
  "model": "service_development.voicelabel",
  "pk": 45,
  "fields": {
    "name": "Village Koulikoro Kati",
    "description": null
  }
},
{
  "model": "service_development.voicelabel",
  "pk": 46,
  "fields": {
    "name": "Village Koulikoro Kolokani",
    "description": null
  }
},
{
  "model": "service_development.voicelabel",
  "pk": 47,
  "fields": {
    "name": "Village Koulikoro Koulikoro",
    "description": null
  }
},
{
  "model": "service_development.voicelabel",
  "pk": 48,
  "fields": {
    "name": "Village Koulikoro Nara",
    "description": null
  }
},
{
  "model": "service_development.voicelabel",
  "pk": 49,
  "fields": {
    "name": "Region Segou",
    "description": null
  }
},
{
  "model": "service_development.voicelabel",
  "pk": 50,
  "fields": {
    "name": "Village Segou Baroueli",
    "description": null
  }
},
{
  "model": "service_development.voicelabel",
  "pk": 51,
  "fields": {
    "name": "Village Segou Macina",
    "description": null
  }
},
{
  "model": "service_development.voicelabel",
  "pk": 52,
  "fields": {
    "name": "Village Segou Niono",
    "description": null
  }
},
{
  "model": "service_development.voicelabel",
  "pk": 53,
  "fields": {
    "name": "Village Segou San",
    "description": null
  }
},
{
  "model": "service_development.voicelabel",
  "pk": 54,
  "fields": {
    "name": "Village Segou Segou",
    "description": null
  }
},
{
  "model": "service_development.voicelabel",
  "pk": 55,
  "fields": {
    "name": "Village Segou Tominian",
    "description": null
  }
},
{
  "model": "service_development.voicelabel",
  "pk": 56,
  "fields": {
    "name": "Region Sikasso",
    "description": null
  }
},
{
  "model": "service_development.voicelabel",
  "pk": 57,
  "fields": {
    "name": "Village Sikasso Bougouni",
    "description": null
  }
},
{
  "model": "service_development.voicelabel",
  "pk": 58,
  "fields": {
    "name": "Village Sikasso Kadiola",
    "description": null
  }
},
{
  "model": "service_development.voicelabel",
  "pk": 59,
  "fields": {
    "name": "Village Sikasso Kolondieba",
    "description": null
  }
},
{
  "model": "service_development.voicelabel",
  "pk": 60,
  "fields": {
    "name": "Village Sikasso Koutiala",
    "description": null
  }
},
{
  "model": "service_development.voicelabel",
  "pk": 61,
  "fields": {
    "name": "Village Sikasso Sikasso",
    "description": null
  }
},
{
  "model": "service_development.voicelabel",
  "pk": 62,
  "fields": {
    "name": "Village Sikasso Yanfolida",
    "description": null
  }
},
{
  "model": "service_development.voicelabel",
  "pk": 63,
  "fields": {
    "name": "Village Sikasso Yorosso",
    "description": null
  }
},
{
  "model": "service_development.voicelabel",
  "pk": 64,
  "fields": {
    "name": "Acres 1 to 20",
    "description": null
  }
},
{
  "model": "service_development.voicelabel",
  "pk": 65,
  "fields": {
    "name": "Acres 21 to 40",
    "description": null
  }
},
{
  "model": "service_development.voicelabel",
  "pk": 66,
  "fields": {
    "name": "Acres 41 to 60",
    "description": null
  }
},
{
  "model": "service_development.voicelabel",
  "pk": 67,
  "fields": {
    "name": "Crop Cereals",
    "description": null
  }
},
{
  "model": "service_development.voicelabel",
  "pk": 68,
  "fields": {
    "name": "Crop Cucumber",
    "description": null
  }
},
{
  "model": "service_development.voicelabel",
  "pk": 69,
  "fields": {
    "name": "Crop Parsley",
    "description": null
  }
},
{
  "model": "service_development.voicelabel",
  "pk": 70,
  "fields": {
    "name": "Crop Tomatoes",
    "description": null
  }
},
{
  "model": "service_development.voicelabel",
  "pk": 71,
  "fields": {
    "name": "Thank You",
    "description": null
  }
},
{
  "model": "service_development.voicelabel",
  "pk": 72,
  "fields": {
    "name": "No Response",
    "description": null
  }
},
{
  "model": "service_development.voicelabel",
  "pk": 73,
  "fields": {
    "name": "Still No Response",
    "description": null
  }
},
{
  "model": "service_development.voicelabel",
  "pk": 74,
  "fields": {
    "name": "Wrong option",
    "description": null
  }
},
{
  "model": "service_development.voicelabel",
  "pk": 75,
  "fields": {
    "name": "Play Recording",
    "description": null
  }
},
{
  "model": "service_development.voicelabel",
  "pk": 76,
  "fields": {
    "name": "Confirm recording",
    "description": null
  }
},
{
  "model": "service_development.voicelabel",
  "pk": 77,
  "fields": {
    "name": "Final record",
    "description": null
  }
},
{
  "model": "service_development.language",
  "pk": 1,
  "fields": {
    "name": "Nederlands",
    "code": "nl",
    "voice_label": 1,
    "error_message": 2,
    "select_language": 8,
    "pre_choice_option": 9,
    "post_choice_option": 10,
    "one": 11,
    "two": 12,
    "three": 13,
    "four": 14,
    "five": 15,
    "six": 16,
    "seven": 17,
    "eight": 18,
    "nine": 19,
    "zero": 20
  }
},
{
  "model": "service_development.language",
  "pk": 2,
  "fields": {
    "name": "English",
    "code": "en",
    "voice_label": 4,
    "error_message": 2,
    "select_language": 8,
    "pre_choice_option": 9,
    "post_choice_option": 10,
    "one": 11,
    "two": 12,
    "three": 13,
    "four": 14,
    "five": 15,
    "six": 16,
    "seven": 17,
    "eight": 18,
    "nine": 19,
    "zero": 20
  }
},
{
  "model": "service_development.language",
  "pk": 3,
  "fields": {
    "name": "Francais",
    "code": "fr",
    "voice_label": 7,
    "error_message": 2,
    "select_language": 8,
    "pre_choice_option": 9,
    "post_choice_option": 10,
    "one": 11,
    "two": 12,
    "three": 13,
    "four": 14,
    "five": 15,
    "six": 16,
    "seven": 17,
    "eight": 18,
    "nine": 19,
    "zero": 20
  }
},
{
  "model": "service_development.voicefragment",
  "pk": 1,
  "fields": {
    "parent": 6,
    "language": 2,
    "audio": "boring_guy_en.wav"
  }
},
{
  "model": "service_development.voicefragment",
  "pk": 2,
  "fields": {
    "parent": 6,
    "language": 1,
    "audio": "boring_guy_nl.wav"
  }
},
{
  "model": "service_development.voicefragment",
  "pk": 6,
  "fields": {
    "parent": 22,
    "language": 1,
    "audio": "no_nl.wav"
  }
},
{
  "model": "service_development.voicefragment",
  "pk": 7,
  "fields": {
    "parent": 22,
    "language": 2,
    "audio": "no_en.wav"
  }
},
{
  "model": "service_development.voicefragment",
  "pk": 8,
  "fields": {
    "parent": 22,
    "language": 3,
    "audio": "no_fr.wav"
  }
},
{
  "model": "service_development.voicefragment",
  "pk": 9,
  "fields": {
    "parent": 21,
    "language": 1,
    "audio": "yes_nl.wav"
  }
},
{
  "model": "service_development.voicefragment",
  "pk": 10,
  "fields": {
    "parent": 21,
    "language": 2,
    "audio": "yes_en.wav"
  }
},
{
  "model": "service_development.voicefragment",
  "pk": 11,
  "fields": {
    "parent": 21,
    "language": 3,
    "audio": "yes_fr.wav"
  }
},
{
  "model": "service_development.voicefragment",
  "pk": 12,
  "fields": {
    "parent": 20,
    "language": 1,
    "audio": "0_nl.wav"
  }
},
{
  "model": "service_development.voicefragment",
  "pk": 13,
  "fields": {
    "parent": 20,
    "language": 2,
    "audio": "0_en.wav"
  }
},
{
  "model": "service_development.voicefragment",
  "pk": 14,
  "fields": {
    "parent": 20,
    "language": 3,
    "audio": "0_fr.wav"
  }
},
{
  "model": "service_development.voicefragment",
  "pk": 15,
  "fields": {
    "parent": 19,
    "language": 1,
    "audio": "9_nl.wav"
  }
},
{
  "model": "service_development.voicefragment",
  "pk": 16,
  "fields": {
    "parent": 19,
    "language": 2,
    "audio": "9_fr.wav"
  }
},
{
  "model": "service_development.voicefragment",
  "pk": 17,
  "fields": {
    "parent": 19,
    "language": 3,
    "audio": "9_en.wav"
  }
},
{
  "model": "service_development.voicefragment",
  "pk": 18,
  "fields": {
    "parent": 18,
    "language": 1,
    "audio": "8_nl.wav"
  }
},
{
  "model": "service_development.voicefragment",
  "pk": 19,
  "fields": {
    "parent": 18,
    "language": 2,
    "audio": "8_en.wav"
  }
},
{
  "model": "service_development.voicefragment",
  "pk": 20,
  "fields": {
    "parent": 18,
    "language": 3,
    "audio": "8_fr.wav"
  }
},
{
  "model": "service_development.voicefragment",
  "pk": 21,
  "fields": {
    "parent": 17,
    "language": 1,
    "audio": "7_nl.wav"
  }
},
{
  "model": "service_development.voicefragment",
  "pk": 22,
  "fields": {
    "parent": 17,
    "language": 2,
    "audio": "7_en.wav"
  }
},
{
  "model": "service_development.voicefragment",
  "pk": 23,
  "fields": {
    "parent": 17,
    "language": 3,
    "audio": "7_fr.wav"
  }
},
{
  "model": "service_development.voicefragment",
  "pk": 24,
  "fields": {
    "parent": 16,
    "language": 1,
    "audio": "6_nl.wav"
  }
},
{
  "model": "service_development.voicefragment",
  "pk": 25,
  "fields": {
    "parent": 16,
    "language": 2,
    "audio": "6_en.wav"
  }
},
{
  "model": "service_development.voicefragment",
  "pk": 26,
  "fields": {
    "parent": 16,
    "language": 3,
    "audio": "6_fr.wav"
  }
},
{
  "model": "service_development.voicefragment",
  "pk": 27,
  "fields": {
    "parent": 15,
    "language": 1,
    "audio": "5_nl.wav"
  }
},
{
  "model": "service_development.voicefragment",
  "pk": 28,
  "fields": {
    "parent": 15,
    "language": 2,
    "audio": "5_en.wav"
  }
},
{
  "model": "service_development.voicefragment",
  "pk": 29,
  "fields": {
    "parent": 15,
    "language": 3,
    "audio": "5_fr.wav"
  }
},
{
  "model": "service_development.voicefragment",
  "pk": 30,
  "fields": {
    "parent": 14,
    "language": 1,
    "audio": "4_nl.wav"
  }
},
{
  "model": "service_development.voicefragment",
  "pk": 31,
  "fields": {
    "parent": 14,
    "language": 3,
    "audio": "4_fr.wav"
  }
},
{
  "model": "service_development.voicefragment",
  "pk": 32,
  "fields": {
    "parent": 14,
    "language": 2,
    "audio": "4_en.wav"
  }
},
{
  "model": "service_development.voicefragment",
  "pk": 33,
  "fields": {
    "parent": 13,
    "language": 1,
    "audio": "3_nl.wav"
  }
},
{
  "model": "service_development.voicefragment",
  "pk": 34,
  "fields": {
    "parent": 13,
    "language": 2,
    "audio": "3_en.wav"
  }
},
{
  "model": "service_development.voicefragment",
  "pk": 35,
  "fields": {
    "parent": 13,
    "language": 3,
    "audio": "3_fr.wav"
  }
},
{
  "model": "service_development.voicefragment",
  "pk": 36,
  "fields": {
    "parent": 12,
    "language": 1,
    "audio": "2_nl.wav"
  }
},
{
  "model": "service_development.voicefragment",
  "pk": 37,
  "fields": {
    "parent": 12,
    "language": 2,
    "audio": "2_en.wav"
  }
},
{
  "model": "service_development.voicefragment",
  "pk": 38,
  "fields": {
    "parent": 12,
    "language": 3,
    "audio": "2_fr.wav"
  }
},
{
  "model": "service_development.voicefragment",
  "pk": 39,
  "fields": {
    "parent": 11,
    "language": 1,
    "audio": "1_nl.wav"
  }
},
{
  "model": "service_development.voicefragment",
  "pk": 40,
  "fields": {
    "parent": 11,
    "language": 2,
    "audio": "1_en.wav"
  }
},
{
  "model": "service_development.voicefragment",
  "pk": 41,
  "fields": {
    "parent": 11,
    "language": 3,
    "audio": "1_fr.wav"
  }
},
{
  "model": "service_development.voicefragment",
  "pk": 42,
  "fields": {
    "parent": 10,
    "language": 1,
    "audio": "post_choice_option_nl.wav"
  }
},
{
  "model": "service_development.voicefragment",
  "pk": 43,
  "fields": {
    "parent": 10,
    "language": 2,
    "audio": "post_choice_option_en.wav"
  }
},
{
  "model": "service_development.voicefragment",
  "pk": 44,
  "fields": {
    "parent": 10,
    "language": 3,
    "audio": "post_choice_option_fr.wav"
  }
},
{
  "model": "service_development.voicefragment",
  "pk": 45,
  "fields": {
    "parent": 9,
    "language": 1,
    "audio": "pre_choice_option_nl.wav"
  }
},
{
  "model": "service_development.voicefragment",
  "pk": 46,
  "fields": {
    "parent": 9,
    "language": 2,
    "audio": "pre_choice_option_en.wav"
  }
},
{
  "model": "service_development.voicefragment",
  "pk": 47,
  "fields": {
    "parent": 9,
    "language": 3,
    "audio": "pre_choice_option_fr.wav"
  }
},
{
  "model": "service_development.voicefragment",
  "pk": 48,
  "fields": {
    "parent": 8,
    "language": 1,
    "audio": "select_language_nl.wav"
  }
},
{
  "model": "service_development.voicefragment",
  "pk": 49,
  "fields": {
    "parent": 8,
    "language": 2,
    "audio": "select_language_en.wav"
  }
},
{
  "model": "service_development.voicefragment",
  "pk": 50,
  "fields": {
    "parent": 8,
    "language": 3,
    "audio": "select_language_fr.wav"
  }
},
{
  "model": "service_development.voicefragment",
  "pk": 51,
  "fields": {
    "parent": 7,
    "language": 1,
    "audio": "french_nl.wav"
  }
},
{
  "model": "service_development.voicefragment",
  "pk": 52,
  "fields": {
    "parent": 7,
    "language": 2,
    "audio": "french_en.wav"
  }
},
{
  "model": "service_development.voicefragment",
  "pk": 53,
  "fields": {
    "parent": 7,
    "language": 3,
    "audio": "french_fr.wav"
  }
},
{
  "model": "service_development.voicefragment",
  "pk": 54,
  "fields": {
    "parent": 6,
    "language": 3,
    "audio": "boring_guy_fr.wav"
  }
},
{
  "model": "service_development.voicefragment",
  "pk": 55,
  "fields": {
    "parent": 5,
    "language": 1,
    "audio": "thank_you_for_using_nl.wav"
  }
},
{
  "model": "service_development.voicefragment",
  "pk": 56,
  "fields": {
    "parent": 5,
    "language": 2,
    "audio": "thank_you_for_using_en.wav"
  }
},
{
  "model": "service_development.voicefragment",
  "pk": 57,
  "fields": {
    "parent": 5,
    "language": 3,
    "audio": "thank_you_for_using_fr.wav"
  }
},
{
  "model": "service_development.voicefragment",
  "pk": 58,
  "fields": {
    "parent": 4,
    "language": 1,
    "audio": "english_nl.wav"
  }
},
{
  "model": "service_development.voicefragment",
  "pk": 59,
  "fields": {
    "parent": 4,
    "language": 2,
    "audio": "english_en.wav"
  }
},
{
  "model": "service_development.voicefragment",
  "pk": 60,
  "fields": {
    "parent": 4,
    "language": 3,
    "audio": "english_fr.wav"
  }
},
{
  "model": "service_development.voicefragment",
  "pk": 61,
  "fields": {
    "parent": 3,
    "language": 1,
    "audio": "truth_nl.wav"
  }
},
{
  "model": "service_development.voicefragment",
  "pk": 62,
  "fields": {
    "parent": 3,
    "language": 2,
    "audio": "truth_en.wav"
  }
},
{
  "model": "service_development.voicefragment",
  "pk": 63,
  "fields": {
    "parent": 3,
    "language": 3,
    "audio": "truth_fr.wav"
  }
},
{
  "model": "service_development.voicefragment",
  "pk": 64,
  "fields": {
    "parent": 2,
    "language": 1,
    "audio": "error_nl.wav"
  }
},
{
  "model": "service_development.voicefragment",
  "pk": 65,
  "fields": {
    "parent": 2,
    "language": 2,
    "audio": "error_en.wav"
  }
},
{
  "model": "service_development.voicefragment",
  "pk": 66,
  "fields": {
    "parent": 2,
    "language": 3,
    "audio": "error_fr.wav"
  }
},
{
  "model": "service_development.voicefragment",
  "pk": 67,
  "fields": {
    "parent": 1,
    "language": 1,
    "audio": "dutch_nl.wav"
  }
},
{
  "model": "service_development.voicefragment",
  "pk": 68,
  "fields": {
    "parent": 1,
    "language": 2,
    "audio": "dutch_en.wav"
  }
},
{
  "model": "service_development.voicefragment",
  "pk": 69,
  "fields": {
    "parent": 1,
    "language": 3,
    "audio": "dutch_fr.wav"
  }
},
{
  "model": "service_development.voicefragment",
  "pk": 70,
  "fields": {
    "parent": 23,
    "language": 1,
    "audio": "king_question_nl.wav"
  }
},
{
  "model": "service_development.voicefragment",
  "pk": 71,
  "fields": {
    "parent": 23,
    "language": 2,
    "audio": "king_question_en.wav"
  }
},
{
  "model": "service_development.voicefragment",
  "pk": 72,
  "fields": {
    "parent": 23,
    "language": 3,
    "audio": "king_question_fr.wav"
  }
},
{
  "model": "service_development.voicefragment",
  "pk": 74,
  "fields": {
    "parent": 25,
    "language": 3,
    "audio": "speakYourMessage.wav"
  }
},
{
  "model": "service_development.voicefragment",
  "pk": 75,
  "fields": {
    "parent": 26,
    "language": 2,
    "audio": "welcome_caspar_en.wav"
  }
},
{
  "model": "service_development.voicefragment",
  "pk": 76,
  "fields": {
    "parent": 27,
    "language": 2,
    "audio": "identify_yourself_en.wav"
  }
},
{
  "model": "service_development.voicefragment",
  "pk": 77,
  "fields": {
    "parent": 28,
    "language": 2,
    "audio": "profile_start_en.wav"
  }
},
{
  "model": "service_development.voicefragment",
  "pk": 78,
  "fields": {
    "parent": 30,
    "language": 2,
    "audio": "provide_crop_en.wav"
  }
},
{
  "model": "service_development.voicefragment",
  "pk": 79,
  "fields": {
    "parent": 31,
    "language": 2,
    "audio": "select_region_en.wav"
  }
},
{
  "model": "service_development.voicefragment",
  "pk": 80,
  "fields": {
    "parent": 32,
    "language": 2,
    "audio": "select_village_en.wav"
  }
},
{
  "model": "service_development.voicefragment",
  "pk": 81,
  "fields": {
    "parent": 29,
    "language": 2,
    "audio": "provide_cropsize_en.wav"
  }
},
{
  "model": "service_development.voicefragment",
  "pk": 82,
  "fields": {
    "parent": 33,
    "language": 2,
    "audio": "kayes_ZdRfjnj.wav"
  }
},
{
  "model": "service_development.voicefragment",
  "pk": 83,
  "fields": {
    "parent": 34,
    "language": 2,
    "audio": "kayes_bafoulabe_aGmvTK2.wav"
  }
},
{
  "model": "service_development.voicefragment",
  "pk": 84,
  "fields": {
    "parent": 35,
    "language": 2,
    "audio": "kayes_diema_zoNcUJM.wav"
  }
},
{
  "model": "service_development.voicefragment",
  "pk": 85,
  "fields": {
    "parent": 38,
    "language": 2,
    "audio": "kayes_kita_54KfFUA.wav"
  }
},
{
  "model": "service_development.voicefragment",
  "pk": 86,
  "fields": {
    "parent": 36,
    "language": 2,
    "audio": "kayes_kayes_BwnmNq7.wav"
  }
},
{
  "model": "service_development.voicefragment",
  "pk": 87,
  "fields": {
    "parent": 37,
    "language": 2,
    "audio": "kayes_kenieba_2e8NjB3.wav"
  }
},
{
  "model": "service_development.voicefragment",
  "pk": 88,
  "fields": {
    "parent": 39,
    "language": 2,
    "audio": "kayes_nioro_qCcAUYZ.wav"
  }
},
{
  "model": "service_development.voicefragment",
  "pk": 89,
  "fields": {
    "parent": 40,
    "language": 2,
    "audio": "kayes_yelimane_C2RRRgp.wav"
  }
},
{
  "model": "service_development.voicefragment",
  "pk": 90,
  "fields": {
    "parent": 41,
    "language": 2,
    "audio": "koulikoro_9kobU5t.wav"
  }
},
{
  "model": "service_development.voicefragment",
  "pk": 91,
  "fields": {
    "parent": 42,
    "language": 2,
    "audio": "koulikoro_banamba_7gzH6fS.wav"
  }
},
{
  "model": "service_development.voicefragment",
  "pk": 92,
  "fields": {
    "parent": 43,
    "language": 2,
    "audio": "koulikoro_diola_CLEFBTC.wav"
  }
},
{
  "model": "service_development.voicefragment",
  "pk": 93,
  "fields": {
    "parent": 44,
    "language": 2,
    "audio": "koulikoro_kangaba_i2bNKcN.wav"
  }
},
{
  "model": "service_development.voicefragment",
  "pk": 94,
  "fields": {
    "parent": 45,
    "language": 2,
    "audio": "koulikoro_kati_rbh3Pds.wav"
  }
},
{
  "model": "service_development.voicefragment",
  "pk": 95,
  "fields": {
    "parent": 46,
    "language": 2,
    "audio": "koulikoro_kolokani_3gjltIe.wav"
  }
},
{
  "model": "service_development.voicefragment",
  "pk": 96,
  "fields": {
    "parent": 47,
    "language": 2,
    "audio": "koulikoro_koulikoro_pe5UWgK.wav"
  }
},
{
  "model": "service_development.voicefragment",
  "pk": 97,
  "fields": {
    "parent": 48,
    "language": 2,
    "audio": "koulikoro_nara_xlNHF3Q.wav"
  }
},
{
  "model": "service_development.voicefragment",
  "pk": 98,
  "fields": {
    "parent": 49,
    "language": 2,
    "audio": "segou_h4E8nBg.wav"
  }
},
{
  "model": "service_development.voicefragment",
  "pk": 99,
  "fields": {
    "parent": 50,
    "language": 2,
    "audio": "segou_baroueli_FOk6r5P.wav"
  }
},
{
  "model": "service_development.voicefragment",
  "pk": 100,
  "fields": {
    "parent": 51,
    "language": 2,
    "audio": "segou_macina_WGGeQFt.wav"
  }
},
{
  "model": "service_development.voicefragment",
  "pk": 101,
  "fields": {
    "parent": 52,
    "language": 2,
    "audio": "segou_niono_mjCYgSM.wav"
  }
},
{
  "model": "service_development.voicefragment",
  "pk": 102,
  "fields": {
    "parent": 53,
    "language": 2,
    "audio": "segou_san_itXC2VW.wav"
  }
},
{
  "model": "service_development.voicefragment",
  "pk": 103,
  "fields": {
    "parent": 54,
    "language": 2,
    "audio": "segou_segou_2bC6EVY.wav"
  }
},
{
  "model": "service_development.voicefragment",
  "pk": 104,
  "fields": {
    "parent": 55,
    "language": 2,
    "audio": "segou_tominian_OZQEtRQ.wav"
  }
},
{
  "model": "service_development.voicefragment",
  "pk": 105,
  "fields": {
    "parent": 56,
    "language": 2,
    "audio": "sikasso_83AfbHu.wav"
  }
},
{
  "model": "service_development.voicefragment",
  "pk": 106,
  "fields": {
    "parent": 57,
    "language": 2,
    "audio": "sikasso_bougouni_alBihmp.wav"
  }
},
{
  "model": "service_development.voicefragment",
  "pk": 107,
  "fields": {
    "parent": 58,
    "language": 2,
    "audio": "sikasso_kadiolo_jwgkxdW.wav"
  }
},
{
  "model": "service_development.voicefragment",
  "pk": 108,
  "fields": {
    "parent": 59,
    "language": 2,
    "audio": "sikasso_kolondieba_ymhRCbb.wav"
  }
},
{
  "model": "service_development.voicefragment",
  "pk": 109,
  "fields": {
    "parent": 60,
    "language": 2,
    "audio": "sikasso_koutiala_2p5nU38.wav"
  }
},
{
  "model": "service_development.voicefragment",
  "pk": 110,
  "fields": {
    "parent": 61,
    "language": 2,
    "audio": "sikasso_sikasso_2N0rjCk.wav"
  }
},
{
  "model": "service_development.voicefragment",
  "pk": 111,
  "fields": {
    "parent": 62,
    "language": 2,
    "audio": "sikasso_yanfolida_FrweuQv.wav"
  }
},
{
  "model": "service_development.voicefragment",
  "pk": 112,
  "fields": {
    "parent": 63,
    "language": 2,
    "audio": "sikasso_yorosso_rrEjHe3.wav"
  }
},
{
  "model": "service_development.voicefragment",
  "pk": 113,
  "fields": {
    "parent": 64,
    "language": 2,
    "audio": "1_to_20_acres_en_VxevNos.wav"
  }
},
{
  "model": "service_development.voicefragment",
  "pk": 114,
  "fields": {
    "parent": 65,
    "language": 2,
    "audio": "21_to_40_acres_en.wav"
  }
},
{
  "model": "service_development.voicefragment",
  "pk": 115,
  "fields": {
    "parent": 66,
    "language": 2,
    "audio": "41_to_60_acres_en_rUn9H4u.wav"
  }
},
{
  "model": "service_development.voicefragment",
  "pk": 116,
  "fields": {
    "parent": 67,
    "language": 2,
    "audio": "cereal_en.wav"
  }
},
{
  "model": "service_development.voicefragment",
  "pk": 117,
  "fields": {
    "parent": 68,
    "language": 2,
    "audio": "cucumber_en_HDSPAW2.wav"
  }
},
{
  "model": "service_development.voicefragment",
  "pk": 118,
  "fields": {
    "parent": 69,
    "language": 2,
    "audio": "parsley_en_lc9JGhH.wav"
  }
},
{
  "model": "service_development.voicefragment",
  "pk": 119,
  "fields": {
    "parent": 71,
    "language": 2,
    "audio": "thank_you_for_using_en_MbKlZWC.wav"
  }
},
{
  "model": "service_development.voicefragment",
  "pk": 120,
  "fields": {
    "parent": 70,
    "language": 2,
    "audio": "tomato_en.wav"
  }
},
{
  "model": "service_development.voicefragment",
  "pk": 121,
  "fields": {
    "parent": 72,
    "language": 2,
    "audio": "no_response_en_srPIFc6.wav"
  }
},
{
  "model": "service_development.voicefragment",
  "pk": 122,
  "fields": {
    "parent": 73,
    "language": 2,
    "audio": "still_no_response_en_rDB7yj1.wav"
  }
},
{
  "model": "service_development.voicefragment",
  "pk": 123,
  "fields": {
    "parent": 74,
    "language": 2,
    "audio": "wrong_answer_en.wav"
  }
},
{
  "model": "service_development.voicefragment",
  "pk": 124,
  "fields": {
    "parent": 75,
    "language": 2,
    "audio": "your_message_is_en.wav"
  }
},
{
  "model": "service_development.voicefragment",
  "pk": 125,
  "fields": {
    "parent": 76,
    "language": 2,
    "audio": "satisfied_press1_2_en.wav"
  }
},
{
  "model": "service_development.voicefragment",
  "pk": 126,
  "fields": {
    "parent": 77,
    "language": 2,
    "audio": "thank_en_kzix9c1.wav"
  }
},
{
  "model": "service_development.voiceservicesubelement",
  "pk": 2,
  "fields": {
    "service": 1,
    "creation_date": "2017-04-23T19:30:23.792Z",
    "modification_date": "2018-02-16T16:42:26.402Z",
    "name": "Does the king like to drink beer?",
    "description": "",
    "voice_label": 23
  }
},
{
  "model": "service_development.voiceservicesubelement",
  "pk": 3,
  "fields": {
    "service": 1,
    "creation_date": "2017-04-23T19:32:07.853Z",
    "modification_date": "2018-01-25T14:35:48.977Z",
    "name": "Yes",
    "description": "King <3's BEER",
    "voice_label": 21
  }
},
{
  "model": "service_development.voiceservicesubelement",
  "pk": 4,
  "fields": {
    "service": 1,
    "creation_date": "2017-04-23T19:32:07.854Z",
    "modification_date": "2018-02-16T16:42:26.405Z",
    "name": "No",
    "description": "",
    "voice_label": 22
  }
},
{
  "model": "service_development.voiceservicesubelement",
  "pk": 5,
  "fields": {
    "service": 1,
    "creation_date": "2017-04-23T19:49:50.055Z",
    "modification_date": "2018-02-16T16:42:51.484Z",
    "name": "This is the truth",
    "description": "",
    "voice_label": 3
  }
},
{
  "model": "service_development.voiceservicesubelement",
  "pk": 6,
  "fields": {
    "service": 1,
    "creation_date": "2017-04-23T21:11:06.805Z",
    "modification_date": "2017-04-23T21:33:29.853Z",
    "name": "Thank you for using this service",
    "description": "",
    "voice_label": 5
  }
},
{
  "model": "service_development.voiceservicesubelement",
  "pk": 7,
  "fields": {
    "service": 1,
    "creation_date": "2017-04-23T21:36:55.756Z",
    "modification_date": "2017-04-23T21:36:55.756Z",
    "name": "King is boring",
    "description": "",
    "voice_label": 6
  }
},
{
  "model": "service_development.voiceservicesubelement",
  "pk": 10,
  "fields": {
    "service": 3,
    "creation_date": "2019-04-29T19:56:00.479Z",
    "modification_date": "2019-05-01T20:56:41.417Z",
    "name": "Welcome to Caspar",
    "description": "Welcome message",
    "voice_label": 26
  }
},
{
  "model": "service_development.voiceservicesubelement",
  "pk": 11,
  "fields": {
    "service": 3,
    "creation_date": "2019-04-29T20:03:20.687Z",
    "modification_date": "2019-05-01T20:28:57.957Z",
    "name": "Identify yourself",
    "description": "",
    "voice_label": 27
  }
},
{
  "model": "service_development.voiceservicesubelement",
  "pk": 12,
  "fields": {
    "service": 3,
    "creation_date": "2019-04-29T20:10:07.459Z",
    "modification_date": "2019-05-01T21:16:56.400Z",
    "name": "Name",
    "description": "",
    "voice_label": 27
  }
},
{
  "model": "service_development.voiceservicesubelement",
  "pk": 13,
  "fields": {
    "service": 3,
    "creation_date": "2019-04-29T20:14:15.086Z",
    "modification_date": "2019-05-01T17:52:16.353Z",
    "name": "Profile start",
    "description": "",
    "voice_label": 28
  }
},
{
  "model": "service_development.voiceservicesubelement",
  "pk": 14,
  "fields": {
    "service": 3,
    "creation_date": "2019-04-29T20:14:29.300Z",
    "modification_date": "2019-04-29T20:24:49.768Z",
    "name": "Provide crop",
    "description": "",
    "voice_label": 30
  }
},
{
  "model": "service_development.voiceservicesubelement",
  "pk": 15,
  "fields": {
    "service": 3,
    "creation_date": "2019-04-29T20:14:47.102Z",
    "modification_date": "2019-04-29T20:18:18.917Z",
    "name": "Provide crop size",
    "description": "",
    "voice_label": 29
  }
},
{
  "model": "service_development.voiceservicesubelement",
  "pk": 16,
  "fields": {
    "service": 3,
    "creation_date": "2019-04-29T20:15:53.027Z",
    "modification_date": "2019-04-29T20:17:21.459Z",
    "name": "Select Region",
    "description": "",
    "voice_label": 31
  }
},
{
  "model": "service_development.voiceservicesubelement",
  "pk": 17,
  "fields": {
    "service": 3,
    "creation_date": "2019-04-29T20:16:12.449Z",
    "modification_date": "2019-04-29T20:18:06.239Z",
    "name": "Select Village",
    "description": "",
    "voice_label": 32
  }
},
{
  "model": "service_development.voiceservicesubelement",
  "pk": 18,
  "fields": {
    "service": 3,
    "creation_date": "2019-05-01T17:30:57.474Z",
    "modification_date": "2019-05-01T17:34:01.400Z",
    "name": "Choose Region",
    "description": "",
    "voice_label": 31
  }
},
{
  "model": "service_development.voiceservicesubelement",
  "pk": 19,
  "fields": {
    "service": 3,
    "creation_date": "2019-05-01T17:30:57.480Z",
    "modification_date": "2019-05-01T17:32:58.015Z",
    "name": "Kayes",
    "description": "",
    "voice_label": 33
  }
},
{
  "model": "service_development.voiceservicesubelement",
  "pk": 20,
  "fields": {
    "service": 3,
    "creation_date": "2019-05-01T17:30:57.484Z",
    "modification_date": "2019-05-01T17:34:01.405Z",
    "name": "Koulikoro",
    "description": "",
    "voice_label": 41
  }
},
{
  "model": "service_development.voiceservicesubelement",
  "pk": 21,
  "fields": {
    "service": 3,
    "creation_date": "2019-05-01T17:30:57.487Z",
    "modification_date": "2019-05-01T17:34:01.408Z",
    "name": "Segou",
    "description": "",
    "voice_label": 49
  }
},
{
  "model": "service_development.voiceservicesubelement",
  "pk": 22,
  "fields": {
    "service": 3,
    "creation_date": "2019-05-01T17:30:57.490Z",
    "modification_date": "2019-05-01T17:34:01.411Z",
    "name": "Sikasso",
    "description": "",
    "voice_label": 56
  }
},
{
  "model": "service_development.voiceservicesubelement",
  "pk": 23,
  "fields": {
    "service": 3,
    "creation_date": "2019-05-01T17:32:43.794Z",
    "modification_date": "2019-05-01T19:24:19.698Z",
    "name": "Choose Village Region Kayes",
    "description": "",
    "voice_label": 32
  }
},
{
  "model": "service_development.voiceservicesubelement",
  "pk": 24,
  "fields": {
    "service": 3,
    "creation_date": "2019-05-01T17:32:43.800Z",
    "modification_date": "2019-05-01T17:56:43.996Z",
    "name": "Bafoulabe",
    "description": "",
    "voice_label": 34
  }
},
{
  "model": "service_development.voiceservicesubelement",
  "pk": 25,
  "fields": {
    "service": 3,
    "creation_date": "2019-05-01T17:32:43.804Z",
    "modification_date": "2019-05-01T17:56:43.999Z",
    "name": "Diema",
    "description": "",
    "voice_label": 35
  }
},
{
  "model": "service_development.voiceservicesubelement",
  "pk": 26,
  "fields": {
    "service": 3,
    "creation_date": "2019-05-01T17:32:43.807Z",
    "modification_date": "2019-05-01T17:56:44.002Z",
    "name": "Kayes",
    "description": "",
    "voice_label": 36
  }
},
{
  "model": "service_development.voiceservicesubelement",
  "pk": 27,
  "fields": {
    "service": 3,
    "creation_date": "2019-05-01T17:32:43.811Z",
    "modification_date": "2019-05-01T17:35:25.222Z",
    "name": "Keniaba",
    "description": "",
    "voice_label": 37
  }
},
{
  "model": "service_development.voiceservicesubelement",
  "pk": 28,
  "fields": {
    "service": 3,
    "creation_date": "2019-05-01T17:32:43.815Z",
    "modification_date": "2019-05-01T17:35:25.225Z",
    "name": "Kita",
    "description": "",
    "voice_label": 38
  }
},
{
  "model": "service_development.voiceservicesubelement",
  "pk": 29,
  "fields": {
    "service": 3,
    "creation_date": "2019-05-01T17:32:43.819Z",
    "modification_date": "2019-05-01T17:35:25.227Z",
    "name": "Nioro",
    "description": "",
    "voice_label": 39
  }
},
{
  "model": "service_development.voiceservicesubelement",
  "pk": 30,
  "fields": {
    "service": 3,
    "creation_date": "2019-05-01T17:32:43.823Z",
    "modification_date": "2019-05-01T17:35:25.230Z",
    "name": "Yelimane",
    "description": "",
    "voice_label": 40
  }
},
{
  "model": "service_development.voiceservicesubelement",
  "pk": 31,
  "fields": {
    "service": 3,
    "creation_date": "2019-05-01T17:33:25.209Z",
    "modification_date": "2019-05-01T19:25:30.492Z",
    "name": "Choose Village Region Koulikoro",
    "description": "",
    "voice_label": 32
  }
},
{
  "model": "service_development.voiceservicesubelement",
  "pk": 32,
  "fields": {
    "service": 3,
    "creation_date": "2019-05-01T17:33:35.620Z",
    "modification_date": "2019-05-01T19:24:54.880Z",
    "name": "Choose Village Region Segou",
    "description": "",
    "voice_label": 32
  }
},
{
  "model": "service_development.voiceservicesubelement",
  "pk": 33,
  "fields": {
    "service": 3,
    "creation_date": "2019-05-01T17:33:46.296Z",
    "modification_date": "2019-05-01T19:25:13.555Z",
    "name": "Choose Village Region Sikasso",
    "description": "",
    "voice_label": 32
  }
},
{
  "model": "service_development.voiceservicesubelement",
  "pk": 34,
  "fields": {
    "service": 3,
    "creation_date": "2019-05-01T17:34:45.101Z",
    "modification_date": "2019-05-01T21:37:42.943Z",
    "name": "Choose Crop size",
    "description": "",
    "voice_label": 30
  }
},
{
  "model": "service_development.voiceservicesubelement",
  "pk": 35,
  "fields": {
    "service": 3,
    "creation_date": "2019-05-01T17:35:01.343Z",
    "modification_date": "2019-05-01T21:03:30.409Z",
    "name": "Choose Crop",
    "description": "",
    "voice_label": 30
  }
},
{
  "model": "service_development.voiceservicesubelement",
  "pk": 36,
  "fields": {
    "service": 3,
    "creation_date": "2019-05-01T17:37:09.237Z",
    "modification_date": "2019-05-01T17:37:09.237Z",
    "name": "Banamba",
    "description": "",
    "voice_label": 42
  }
},
{
  "model": "service_development.voiceservicesubelement",
  "pk": 37,
  "fields": {
    "service": 3,
    "creation_date": "2019-05-01T17:37:09.241Z",
    "modification_date": "2019-05-01T17:37:09.241Z",
    "name": "Diola",
    "description": "",
    "voice_label": 43
  }
},
{
  "model": "service_development.voiceservicesubelement",
  "pk": 38,
  "fields": {
    "service": 3,
    "creation_date": "2019-05-01T17:37:09.244Z",
    "modification_date": "2019-05-01T17:37:09.244Z",
    "name": "Kangaba",
    "description": "",
    "voice_label": 44
  }
},
{
  "model": "service_development.voiceservicesubelement",
  "pk": 39,
  "fields": {
    "service": 3,
    "creation_date": "2019-05-01T17:37:09.247Z",
    "modification_date": "2019-05-01T17:37:09.247Z",
    "name": "Kati",
    "description": "",
    "voice_label": 45
  }
},
{
  "model": "service_development.voiceservicesubelement",
  "pk": 40,
  "fields": {
    "service": 3,
    "creation_date": "2019-05-01T17:37:09.251Z",
    "modification_date": "2019-05-01T17:37:09.251Z",
    "name": "Kolokani",
    "description": "",
    "voice_label": 46
  }
},
{
  "model": "service_development.voiceservicesubelement",
  "pk": 41,
  "fields": {
    "service": 3,
    "creation_date": "2019-05-01T17:37:09.254Z",
    "modification_date": "2019-05-01T17:37:09.254Z",
    "name": "Koulikoro",
    "description": "",
    "voice_label": 47
  }
},
{
  "model": "service_development.voiceservicesubelement",
  "pk": 42,
  "fields": {
    "service": 3,
    "creation_date": "2019-05-01T17:37:09.257Z",
    "modification_date": "2019-05-01T17:37:09.257Z",
    "name": "Nara",
    "description": "",
    "voice_label": 48
  }
},
{
  "model": "service_development.voiceservicesubelement",
  "pk": 43,
  "fields": {
    "service": 3,
    "creation_date": "2019-05-01T17:38:56.818Z",
    "modification_date": "2019-05-01T17:38:56.818Z",
    "name": "Baroueli",
    "description": "",
    "voice_label": 50
  }
},
{
  "model": "service_development.voiceservicesubelement",
  "pk": 44,
  "fields": {
    "service": 3,
    "creation_date": "2019-05-01T17:38:56.822Z",
    "modification_date": "2019-05-01T17:38:56.822Z",
    "name": "Macina",
    "description": "",
    "voice_label": 51
  }
},
{
  "model": "service_development.voiceservicesubelement",
  "pk": 45,
  "fields": {
    "service": 3,
    "creation_date": "2019-05-01T17:38:56.825Z",
    "modification_date": "2019-05-01T17:38:56.825Z",
    "name": "Niono",
    "description": "",
    "voice_label": 52
  }
},
{
  "model": "service_development.voiceservicesubelement",
  "pk": 46,
  "fields": {
    "service": 3,
    "creation_date": "2019-05-01T17:38:56.829Z",
    "modification_date": "2019-05-01T17:38:56.829Z",
    "name": "San",
    "description": "",
    "voice_label": 53
  }
},
{
  "model": "service_development.voiceservicesubelement",
  "pk": 47,
  "fields": {
    "service": 3,
    "creation_date": "2019-05-01T17:38:56.832Z",
    "modification_date": "2019-05-01T17:38:56.832Z",
    "name": "Segou",
    "description": "",
    "voice_label": 54
  }
},
{
  "model": "service_development.voiceservicesubelement",
  "pk": 48,
  "fields": {
    "service": 3,
    "creation_date": "2019-05-01T17:38:56.835Z",
    "modification_date": "2019-05-01T17:38:56.835Z",
    "name": "Tominian",
    "description": "",
    "voice_label": 55
  }
},
{
  "model": "service_development.voiceservicesubelement",
  "pk": 49,
  "fields": {
    "service": 3,
    "creation_date": "2019-05-01T17:40:57.136Z",
    "modification_date": "2019-05-01T17:40:57.136Z",
    "name": "Bougouni",
    "description": "",
    "voice_label": 57
  }
},
{
  "model": "service_development.voiceservicesubelement",
  "pk": 50,
  "fields": {
    "service": 3,
    "creation_date": "2019-05-01T17:40:57.140Z",
    "modification_date": "2019-05-01T17:40:57.140Z",
    "name": "Kadiola",
    "description": "",
    "voice_label": 58
  }
},
{
  "model": "service_development.voiceservicesubelement",
  "pk": 51,
  "fields": {
    "service": 3,
    "creation_date": "2019-05-01T17:40:57.143Z",
    "modification_date": "2019-05-01T17:40:57.143Z",
    "name": "Kolondieba",
    "description": "",
    "voice_label": 59
  }
},
{
  "model": "service_development.voiceservicesubelement",
  "pk": 52,
  "fields": {
    "service": 3,
    "creation_date": "2019-05-01T17:40:57.146Z",
    "modification_date": "2019-05-01T17:40:57.146Z",
    "name": "Koutiala",
    "description": "",
    "voice_label": 60
  }
},
{
  "model": "service_development.voiceservicesubelement",
  "pk": 53,
  "fields": {
    "service": 3,
    "creation_date": "2019-05-01T17:40:57.149Z",
    "modification_date": "2019-05-01T17:40:57.149Z",
    "name": "Sikasso",
    "description": "",
    "voice_label": 61
  }
},
{
  "model": "service_development.voiceservicesubelement",
  "pk": 54,
  "fields": {
    "service": 3,
    "creation_date": "2019-05-01T17:40:57.152Z",
    "modification_date": "2019-05-01T17:40:57.152Z",
    "name": "Yanfolida",
    "description": "",
    "voice_label": 62
  }
},
{
  "model": "service_development.voiceservicesubelement",
  "pk": 55,
  "fields": {
    "service": 3,
    "creation_date": "2019-05-01T17:40:57.156Z",
    "modification_date": "2019-05-01T17:40:57.156Z",
    "name": "Yorosso",
    "description": "",
    "voice_label": 63
  }
},
{
  "model": "service_development.voiceservicesubelement",
  "pk": 56,
  "fields": {
    "service": 3,
    "creation_date": "2019-05-01T17:45:47.982Z",
    "modification_date": "2019-05-01T17:45:47.982Z",
    "name": "1-20 acres",
    "description": "",
    "voice_label": 64
  }
},
{
  "model": "service_development.voiceservicesubelement",
  "pk": 57,
  "fields": {
    "service": 3,
    "creation_date": "2019-05-01T17:45:47.985Z",
    "modification_date": "2019-05-01T17:45:47.985Z",
    "name": "21-40 acres",
    "description": "",
    "voice_label": 65
  }
},
{
  "model": "service_development.voiceservicesubelement",
  "pk": 59,
  "fields": {
    "service": 3,
    "creation_date": "2019-05-01T17:46:49.173Z",
    "modification_date": "2019-05-01T17:49:50.182Z",
    "name": "Cereal",
    "description": "",
    "voice_label": 67
  }
},
{
  "model": "service_development.voiceservicesubelement",
  "pk": 60,
  "fields": {
    "service": 3,
    "creation_date": "2019-05-01T17:46:49.176Z",
    "modification_date": "2019-05-01T17:49:50.185Z",
    "name": "Cucumber",
    "description": "",
    "voice_label": 68
  }
},
{
  "model": "service_development.voiceservicesubelement",
  "pk": 61,
  "fields": {
    "service": 3,
    "creation_date": "2019-05-01T17:46:49.180Z",
    "modification_date": "2019-05-01T17:49:50.188Z",
    "name": "Parsley",
    "description": "",
    "voice_label": 69
  }
},
{
  "model": "service_development.voiceservicesubelement",
  "pk": 62,
  "fields": {
    "service": 3,
    "creation_date": "2019-05-01T17:46:49.183Z",
    "modification_date": "2019-05-01T17:49:50.191Z",
    "name": "Tomatoes",
    "description": "",
    "voice_label": 70
  }
},
{
  "model": "service_development.voiceservicesubelement",
  "pk": 63,
  "fields": {
    "service": 3,
    "creation_date": "2019-05-01T17:49:25.979Z",
    "modification_date": "2019-05-01T17:49:25.979Z",
    "name": "Thank You",
    "description": "",
    "voice_label": 5
  }
},
{
  "model": "service_development.voiceservicesubelement",
  "pk": 64,
  "fields": {
    "service": 3,
    "creation_date": "2019-05-01T19:24:19.702Z",
    "modification_date": "2019-05-01T19:24:19.702Z",
    "name": "Go Back",
    "description": "",
    "voice_label": 74
  }
},
{
  "model": "service_development.voiceservicesubelement",
  "pk": 65,
  "fields": {
    "service": 3,
    "creation_date": "2019-05-01T19:24:36.287Z",
    "modification_date": "2019-05-01T19:25:30.497Z",
    "name": "Go Back",
    "description": "",
    "voice_label": 74
  }
},
{
  "model": "service_development.voiceservicesubelement",
  "pk": 66,
  "fields": {
    "service": 3,
    "creation_date": "2019-05-01T19:24:54.885Z",
    "modification_date": "2019-05-01T19:24:54.885Z",
    "name": "Go Back",
    "description": "",
    "voice_label": 74
  }
},
{
  "model": "service_development.voiceservicesubelement",
  "pk": 67,
  "fields": {
    "service": 3,
    "creation_date": "2019-05-01T19:25:13.564Z",
    "modification_date": "2019-05-01T19:25:13.564Z",
    "name": "Go Back",
    "description": "",
    "voice_label": 74
  }
},
{
  "model": "service_development.voiceservicesubelement",
  "pk": 68,
  "fields": {
    "service": 3,
    "creation_date": "2019-05-01T21:03:30.414Z",
    "modification_date": "2019-05-01T21:03:30.414Z",
    "name": "Go Back",
    "description": "",
    "voice_label": 74
  }
},
{
  "model": "service_development.voiceservicesubelement",
  "pk": 69,
  "fields": {
    "service": 3,
    "creation_date": "2019-05-01T21:37:42.948Z",
    "modification_date": "2019-05-01T21:37:42.948Z",
    "name": "41-60 acres",
    "description": "",
    "voice_label": 66
  }
},
{
  "model": "service_development.voiceserviceelement",
  "pk": 2,
  "fields": {}
},
{
  "model": "service_development.voiceserviceelement",
  "pk": 5,
  "fields": {}
},
{
  "model": "service_development.voiceserviceelement",
  "pk": 6,
  "fields": {}
},
{
  "model": "service_development.voiceserviceelement",
  "pk": 7,
  "fields": {}
},
{
  "model": "service_development.voiceserviceelement",
  "pk": 10,
  "fields": {}
},
{
  "model": "service_development.voiceserviceelement",
  "pk": 11,
  "fields": {}
},
{
  "model": "service_development.voiceserviceelement",
  "pk": 12,
  "fields": {}
},
{
  "model": "service_development.voiceserviceelement",
  "pk": 13,
  "fields": {}
},
{
  "model": "service_development.voiceserviceelement",
  "pk": 14,
  "fields": {}
},
{
  "model": "service_development.voiceserviceelement",
  "pk": 15,
  "fields": {}
},
{
  "model": "service_development.voiceserviceelement",
  "pk": 16,
  "fields": {}
},
{
  "model": "service_development.voiceserviceelement",
  "pk": 17,
  "fields": {}
},
{
  "model": "service_development.voiceserviceelement",
  "pk": 18,
  "fields": {}
},
{
  "model": "service_development.voiceserviceelement",
  "pk": 23,
  "fields": {}
},
{
  "model": "service_development.voiceserviceelement",
  "pk": 31,
  "fields": {}
},
{
  "model": "service_development.voiceserviceelement",
  "pk": 32,
  "fields": {}
},
{
  "model": "service_development.voiceserviceelement",
  "pk": 33,
  "fields": {}
},
{
  "model": "service_development.voiceserviceelement",
  "pk": 34,
  "fields": {}
},
{
  "model": "service_development.voiceserviceelement",
  "pk": 35,
  "fields": {}
},
{
  "model": "service_development.voiceserviceelement",
  "pk": 63,
  "fields": {}
},
{
  "model": "service_development.voiceservice",
  "pk": 1,
  "fields": {
    "name": "King's truth checker",
    "description": "Checks the user's knowledge about the king of the Netherlands",
    "creation_date": "2017-04-23T19:23:52.392Z",
    "modification_date": "2019-04-17T18:23:22.776Z",
    "active": true,
    "_start_element": 2,
    "registration": "preferred",
    "registration_language": true,
    "registration_name": false,
    "supported_languages": [
      1,
      2,
      3
    ]
  }
},
{
  "model": "service_development.voiceservice",
  "pk": 3,
  "fields": {
    "name": "Caspar",
    "description": "Crop And Seed Planning Advisory Reports",
    "creation_date": "2019-04-29T19:53:28.560Z",
    "modification_date": "2019-04-29T20:07:46.901Z",
    "active": true,
    "_start_element": 10,
    "registration": "preferred",
    "registration_language": true,
    "registration_name": false,
    "supported_languages": [
      2
    ]
  }
},
{
  "model": "service_development.kasadakauser",
  "pk": 1,
  "fields": {
    "caller_id": "456",
    "first_name": "Henk",
    "last_name": "Ernia",
    "creation_date": "2018-02-02T11:10:27.670Z",
    "modification_date": "2018-02-12T14:44:24.019Z",
    "language": 1,
    "service": 1
  }
},
{
  "model": "service_development.kasadakauser",
  "pk": 2,
  "fields": {
    "caller_id": "111",
    "first_name": "",
    "last_name": "",
    "creation_date": "2019-04-24T17:18:05.039Z",
    "modification_date": "2019-04-24T17:18:05.039Z",
    "language": 2,
    "service": 1
  }
},
{
  "model": "service_development.kasadakauser",
  "pk": 4,
  "fields": {
    "caller_id": "112",
    "first_name": "",
    "last_name": "",
    "creation_date": "2019-04-24T17:29:52.431Z",
    "modification_date": "2019-04-24T17:29:52.431Z",
    "language": 2,
    "service": 1
  }
},
{
  "model": "service_development.kasadakauser",
  "pk": 8,
  "fields": {
    "caller_id": "222",
    "first_name": "",
    "last_name": "",
    "creation_date": "2019-04-29T20:07:39.489Z",
    "modification_date": "2019-04-29T20:07:39.489Z",
    "language": 2,
    "service": 3
  }
},
{
  "model": "service_development.kasadakauser",
  "pk": 9,
  "fields": {
    "caller_id": "anonymous",
    "first_name": "",
    "last_name": "",
    "creation_date": "2019-05-01T18:36:15.308Z",
    "modification_date": "2019-05-01T18:36:15.308Z",
    "language": 2,
    "service": 3
  }
},
{
  "model": "service_development.kasadakauser",
  "pk": 10,
  "fields": {
    "caller_id": "0611441848",
    "first_name": "",
    "last_name": "",
    "creation_date": "2019-05-01T18:47:01.805Z",
    "modification_date": "2019-05-01T18:47:01.805Z",
    "language": 2,
    "service": 3
  }
},
{
  "model": "service_development.callsession",
  "pk": 2,
  "fields": {
    "start": "2019-04-24T17:16:59.975Z",
    "end": "2019-04-24T17:23:32.932Z",
    "user": 2,
    "caller_id": "111",
    "service": 1,
    "_language": 2
  }
},
{
  "model": "service_development.callsession",
  "pk": 11,
  "fields": {
    "start": "2019-04-24T17:28:43.166Z",
    "end": "2019-04-29T19:54:28.953Z",
    "user": 4,
    "caller_id": "112",
    "service": 1,
    "_language": 2
  }
},
{
  "model": "service_development.callsession",
  "pk": 13,
  "fields": {
    "start": "2019-04-24T17:49:04.716Z",
    "end": "2019-04-24T17:50:40.974Z",
    "user": null,
    "caller_id": "222",
    "service": null,
    "_language": null
  }
},
{
  "model": "service_development.callsession",
  "pk": 14,
  "fields": {
    "start": "2019-04-29T19:53:12.311Z",
    "end": "2019-04-29T19:53:12.398Z",
    "user": 4,
    "caller_id": "112",
    "service": 1,
    "_language": 2
  }
},
{
  "model": "service_development.callsession",
  "pk": 15,
  "fields": {
    "start": "2019-04-29T19:54:37.888Z",
    "end": "2019-04-29T19:55:01.533Z",
    "user": 4,
    "caller_id": "112",
    "service": 1,
    "_language": 2
  }
},
{
  "model": "service_development.callsession",
  "pk": 16,
  "fields": {
    "start": "2019-04-29T20:07:39.398Z",
    "end": "2019-04-29T20:07:39.498Z",
    "user": 8,
    "caller_id": "222",
    "service": 3,
    "_language": 2
  }
},
{
  "model": "service_development.callsession",
  "pk": 17,
  "fields": {
    "start": "2019-04-29T20:07:53.090Z",
    "end": "2019-04-29T20:08:18.392Z",
    "user": 8,
    "caller_id": "222",
    "service": 3,
    "_language": 2
  }
},
{
  "model": "service_development.callsession",
  "pk": 18,
  "fields": {
    "start": "2019-04-29T20:12:11.590Z",
    "end": "2019-04-29T20:13:33.363Z",
    "user": 8,
    "caller_id": "222",
    "service": 3,
    "_language": 2
  }
},
{
  "model": "service_development.callsession",
  "pk": 19,
  "fields": {
    "start": "2019-04-29T20:20:37.071Z",
    "end": "2019-04-29T20:20:54.600Z",
    "user": 8,
    "caller_id": "222",
    "service": 3,
    "_language": 2
  }
},
{
  "model": "service_development.callsession",
  "pk": 20,
  "fields": {
    "start": "2019-04-29T20:22:41.493Z",
    "end": "2019-04-29T20:23:52.615Z",
    "user": 8,
    "caller_id": "222",
    "service": 3,
    "_language": 2
  }
},
{
  "model": "service_development.callsession",
  "pk": 21,
  "fields": {
    "start": "2019-04-29T20:25:04.543Z",
    "end": "2019-04-29T20:25:51.872Z",
    "user": 8,
    "caller_id": "222",
    "service": 3,
    "_language": 2
  }
},
{
  "model": "service_development.callsession",
  "pk": 22,
  "fields": {
    "start": "2019-04-29T20:51:55.369Z",
    "end": "2019-04-29T20:52:34.863Z",
    "user": 8,
    "caller_id": "222",
    "service": 3,
    "_language": 2
  }
},
{
  "model": "service_development.callsession",
  "pk": 23,
  "fields": {
    "start": "2019-04-30T09:50:36.434Z",
    "end": "2019-04-30T09:50:36.605Z",
    "user": null,
    "caller_id": null,
    "service": 3,
    "_language": 2
  }
},
{
  "model": "service_development.callsession",
  "pk": 24,
  "fields": {
    "start": "2019-04-30T09:54:40.275Z",
    "end": "2019-04-30T09:54:40.448Z",
    "user": null,
    "caller_id": null,
    "service": 3,
    "_language": 2
  }
},
{
  "model": "service_development.callsession",
  "pk": 25,
  "fields": {
    "start": "2019-04-30T09:54:55.868Z",
    "end": "2019-04-30T09:54:55.966Z",
    "user": null,
    "caller_id": null,
    "service": 3,
    "_language": 2
  }
},
{
  "model": "service_development.callsession",
  "pk": 26,
  "fields": {
    "start": "2019-04-30T09:57:03.795Z",
    "end": "2019-04-30T09:57:03.876Z",
    "user": null,
    "caller_id": null,
    "service": 3,
    "_language": 2
  }
},
{
  "model": "service_development.callsession",
  "pk": 27,
  "fields": {
    "start": "2019-04-30T09:57:55.265Z",
    "end": "2019-04-30T09:57:55.353Z",
    "user": null,
    "caller_id": null,
    "service": 3,
    "_language": 2
  }
},
{
  "model": "service_development.callsession",
  "pk": 28,
  "fields": {
    "start": "2019-04-30T09:58:12.785Z",
    "end": "2019-04-30T09:58:12.871Z",
    "user": null,
    "caller_id": null,
    "service": 3,
    "_language": 2
  }
},
{
  "model": "service_development.callsession",
  "pk": 29,
  "fields": {
    "start": "2019-04-30T09:58:36.258Z",
    "end": "2019-04-30T09:58:36.355Z",
    "user": null,
    "caller_id": null,
    "service": 3,
    "_language": 2
  }
},
{
  "model": "service_development.callsession",
  "pk": 30,
  "fields": {
    "start": "2019-05-01T16:56:56.468Z",
    "end": "2019-05-01T16:56:56.553Z",
    "user": 8,
    "caller_id": "222",
    "service": 3,
    "_language": 2
  }
},
{
  "model": "service_development.callsession",
  "pk": 31,
  "fields": {
    "start": "2019-05-01T17:50:59.216Z",
    "end": "2019-05-01T17:51:23.688Z",
    "user": 8,
    "caller_id": "222",
    "service": 3,
    "_language": 2
  }
},
{
  "model": "service_development.callsession",
  "pk": 32,
  "fields": {
    "start": "2019-05-01T17:53:05.046Z",
    "end": "2019-05-01T17:53:29.806Z",
    "user": 8,
    "caller_id": "222",
    "service": 3,
    "_language": 2
  }
},
{
  "model": "service_development.callsession",
  "pk": 33,
  "fields": {
    "start": "2019-05-01T17:57:09.384Z",
    "end": "2019-05-01T17:58:28.002Z",
    "user": 8,
    "caller_id": "222",
    "service": 3,
    "_language": 2
  }
},
{
  "model": "service_development.callsession",
  "pk": 34,
  "fields": {
    "start": "2019-05-01T18:36:15.242Z",
    "end": "2019-05-01T18:36:20.894Z",
    "user": 9,
    "caller_id": "anonymous",
    "service": 3,
    "_language": 2
  }
},
{
  "model": "service_development.callsession",
  "pk": 35,
  "fields": {
    "start": "2019-05-01T18:39:02.531Z",
    "end": "2019-05-01T18:39:07.655Z",
    "user": 9,
    "caller_id": "anonymous",
    "service": 3,
    "_language": 2
  }
},
{
  "model": "service_development.callsession",
  "pk": 36,
  "fields": {
    "start": "2019-05-01T18:47:01.714Z",
    "end": "2019-05-01T18:48:14.982Z",
    "user": 10,
    "caller_id": "0611441848",
    "service": 3,
    "_language": 2
  }
},
{
  "model": "service_development.callsession",
  "pk": 37,
  "fields": {
    "start": "2019-05-01T18:49:34.955Z",
    "end": "2019-05-01T18:49:40.081Z",
    "user": 9,
    "caller_id": "anonymous",
    "service": 3,
    "_language": 2
  }
},
{
  "model": "service_development.callsession",
  "pk": 38,
  "fields": {
    "start": "2019-05-01T19:15:33.145Z",
    "end": "2019-05-01T19:15:36.030Z",
    "user": 10,
    "caller_id": "0611441848",
    "service": 3,
    "_language": 2
  }
},
{
  "model": "service_development.callsession",
  "pk": 39,
  "fields": {
    "start": "2019-05-01T19:16:41.665Z",
    "end": "2019-05-01T19:18:21.032Z",
    "user": 10,
    "caller_id": "0611441848",
    "service": 3,
    "_language": 2
  }
},
{
  "model": "service_development.callsession",
  "pk": 40,
  "fields": {
    "start": "2019-05-01T19:19:27.033Z",
    "end": "2019-05-01T19:19:48.668Z",
    "user": 8,
    "caller_id": "222",
    "service": 3,
    "_language": 2
  }
},
{
  "model": "service_development.callsession",
  "pk": 41,
  "fields": {
    "start": "2019-05-01T19:21:02.482Z",
    "end": "2019-05-01T19:21:37.993Z",
    "user": 8,
    "caller_id": "222",
    "service": 3,
    "_language": 2
  }
},
{
  "model": "service_development.callsession",
  "pk": 42,
  "fields": {
    "start": "2019-05-01T19:34:05.432Z",
    "end": "2019-05-01T19:34:05.495Z",
    "user": 8,
    "caller_id": "222",
    "service": 3,
    "_language": 2
  }
},
{
  "model": "service_development.callsession",
  "pk": 43,
  "fields": {
    "start": "2019-05-01T19:45:29.014Z",
    "end": "2019-05-01T19:45:39.820Z",
    "user": 8,
    "caller_id": "222",
    "service": 3,
    "_language": 2
  }
},
{
  "model": "service_development.callsession",
  "pk": 44,
  "fields": {
    "start": "2019-05-01T19:47:19.963Z",
    "end": "2019-05-01T19:47:24.275Z",
    "user": 8,
    "caller_id": "222",
    "service": 3,
    "_language": 2
  }
},
{
  "model": "service_development.callsession",
  "pk": 45,
  "fields": {
    "start": "2019-05-01T19:52:11.444Z",
    "end": "2019-05-01T19:53:52.056Z",
    "user": 8,
    "caller_id": "222",
    "service": 3,
    "_language": 2
  }
},
{
  "model": "service_development.callsession",
  "pk": 46,
  "fields": {
    "start": "2019-05-01T19:53:41.468Z",
    "end": "2019-05-01T19:53:41.561Z",
    "user": 8,
    "caller_id": "222",
    "service": 3,
    "_language": 2
  }
},
{
  "model": "service_development.callsession",
  "pk": 47,
  "fields": {
    "start": "2019-05-01T19:54:32.094Z",
    "end": "2019-05-01T20:40:32.176Z",
    "user": null,
    "caller_id": null,
    "service": 3,
    "_language": 2
  }
},
{
  "model": "service_development.callsession",
  "pk": 48,
  "fields": {
    "start": "2019-05-01T19:55:06.754Z",
    "end": "2019-05-01T19:55:06.810Z",
    "user": 8,
    "caller_id": "222",
    "service": 3,
    "_language": 2
  }
},
{
  "model": "service_development.callsession",
  "pk": 49,
  "fields": {
    "start": "2019-05-01T19:58:05.645Z",
    "end": "2019-05-01T19:58:05.704Z",
    "user": 8,
    "caller_id": "222",
    "service": 3,
    "_language": 2
  }
},
{
  "model": "service_development.callsession",
  "pk": 50,
  "fields": {
    "start": "2019-05-01T19:59:28.745Z",
    "end": "2019-05-01T19:59:28.803Z",
    "user": 8,
    "caller_id": "222",
    "service": 3,
    "_language": 2
  }
},
{
  "model": "service_development.callsession",
  "pk": 51,
  "fields": {
    "start": "2019-05-01T20:00:58.708Z",
    "end": "2019-05-01T20:00:58.766Z",
    "user": 8,
    "caller_id": "222",
    "service": 3,
    "_language": 2
  }
},
{
  "model": "service_development.callsession",
  "pk": 52,
  "fields": {
    "start": "2019-05-01T20:06:32.350Z",
    "end": "2019-05-01T20:06:32.426Z",
    "user": 8,
    "caller_id": "222",
    "service": 3,
    "_language": 2
  }
},
{
  "model": "service_development.callsession",
  "pk": 53,
  "fields": {
    "start": "2019-05-01T20:07:34.407Z",
    "end": "2019-05-01T20:07:34.478Z",
    "user": 8,
    "caller_id": "222",
    "service": 3,
    "_language": 2
  }
},
{
  "model": "service_development.callsession",
  "pk": 54,
  "fields": {
    "start": "2019-05-01T20:08:21.894Z",
    "end": "2019-05-01T20:08:28.757Z",
    "user": 8,
    "caller_id": "222",
    "service": 3,
    "_language": 2
  }
},
{
  "model": "service_development.callsession",
  "pk": 55,
  "fields": {
    "start": "2019-05-01T20:09:23.687Z",
    "end": "2019-05-01T20:09:39.828Z",
    "user": 8,
    "caller_id": "222",
    "service": 3,
    "_language": 2
  }
},
{
  "model": "service_development.callsession",
  "pk": 56,
  "fields": {
    "start": "2019-05-01T20:10:48.854Z",
    "end": "2019-05-01T20:22:15.370Z",
    "user": 8,
    "caller_id": "222",
    "service": 3,
    "_language": 2
  }
},
{
  "model": "service_development.callsession",
  "pk": 57,
  "fields": {
    "start": "2019-05-01T20:15:43.441Z",
    "end": "2019-05-01T20:15:43.616Z",
    "user": null,
    "caller_id": null,
    "service": 3,
    "_language": 2
  }
},
{
  "model": "service_development.callsession",
  "pk": 58,
  "fields": {
    "start": "2019-05-01T20:23:44.762Z",
    "end": "2019-05-01T20:23:44.946Z",
    "user": null,
    "caller_id": null,
    "service": 3,
    "_language": 2
  }
},
{
  "model": "service_development.callsession",
  "pk": 59,
  "fields": {
    "start": "2019-05-01T20:24:55.325Z",
    "end": "2019-05-01T20:24:55.529Z",
    "user": 10,
    "caller_id": "0611441848",
    "service": 3,
    "_language": 2
  }
},
{
  "model": "service_development.callsession",
  "pk": 60,
  "fields": {
    "start": "2019-05-01T20:26:12.767Z",
    "end": "2019-05-01T20:26:12.940Z",
    "user": 10,
    "caller_id": "0611441848",
    "service": 3,
    "_language": 2
  }
},
{
  "model": "service_development.callsession",
  "pk": 61,
  "fields": {
    "start": "2019-05-01T20:28:42.177Z",
    "end": "2019-05-01T20:28:53.886Z",
    "user": 8,
    "caller_id": "222",
    "service": 3,
    "_language": 2
  }
},
{
  "model": "service_development.callsession",
  "pk": 62,
  "fields": {
    "start": "2019-05-01T20:29:20.960Z",
    "end": "2019-05-01T20:29:23.352Z",
    "user": 10,
    "caller_id": "0611441848",
    "service": 3,
    "_language": 2
  }
},
{
  "model": "service_development.callsession",
  "pk": 63,
  "fields": {
    "start": "2019-05-01T20:30:39.677Z",
    "end": "2019-05-01T20:31:25.356Z",
    "user": 8,
    "caller_id": "222",
    "service": 3,
    "_language": 2
  }
},
{
  "model": "service_development.callsession",
  "pk": 64,
  "fields": {
    "start": "2019-05-01T20:32:00.478Z",
    "end": "2019-05-01T20:32:04.309Z",
    "user": 8,
    "caller_id": "222",
    "service": 3,
    "_language": 2
  }
},
{
  "model": "service_development.callsession",
  "pk": 65,
  "fields": {
    "start": "2019-05-01T20:34:42.287Z",
    "end": "2019-05-01T20:37:06.552Z",
    "user": 8,
    "caller_id": "222",
    "service": 3,
    "_language": 2
  }
},
{
  "model": "service_development.callsession",
  "pk": 66,
  "fields": {
    "start": "2019-05-01T20:34:51.539Z",
    "end": "2019-05-01T20:34:53.926Z",
    "user": 10,
    "caller_id": "0611441848",
    "service": 3,
    "_language": 2
  }
},
{
  "model": "service_development.callsession",
  "pk": 67,
  "fields": {
    "start": "2019-05-01T20:36:55.221Z",
    "end": "2019-05-01T20:37:01.831Z",
    "user": 8,
    "caller_id": "222",
    "service": 3,
    "_language": 2
  }
},
{
  "model": "service_development.callsession",
  "pk": 68,
  "fields": {
    "start": "2019-05-01T20:41:17.617Z",
    "end": "2019-05-01T20:41:53.833Z",
    "user": 8,
    "caller_id": "222",
    "service": 3,
    "_language": 2
  }
},
{
  "model": "service_development.callsession",
  "pk": 69,
  "fields": {
    "start": "2019-05-01T20:43:49.404Z",
    "end": "2019-05-01T20:43:49.472Z",
    "user": 8,
    "caller_id": "222",
    "service": 3,
    "_language": 2
  }
},
{
  "model": "service_development.callsession",
  "pk": 70,
  "fields": {
    "start": "2019-05-01T20:43:56.927Z",
    "end": "2019-05-01T20:43:56.995Z",
    "user": 8,
    "caller_id": "222",
    "service": 3,
    "_language": 2
  }
},
{
  "model": "service_development.callsession",
  "pk": 71,
  "fields": {
    "start": "2019-05-01T20:44:07.152Z",
    "end": "2019-05-01T20:44:33.668Z",
    "user": 8,
    "caller_id": "222",
    "service": 3,
    "_language": 2
  }
},
{
  "model": "service_development.callsession",
  "pk": 72,
  "fields": {
    "start": "2019-05-01T20:46:14.140Z",
    "end": "2019-05-01T20:46:17.013Z",
    "user": 10,
    "caller_id": "0611441848",
    "service": 3,
    "_language": 2
  }
},
{
  "model": "service_development.callsession",
  "pk": 73,
  "fields": {
    "start": "2019-05-01T20:48:59.653Z",
    "end": "2019-05-01T20:49:02.044Z",
    "user": 10,
    "caller_id": "0611441848",
    "service": 3,
    "_language": 2
  }
},
{
  "model": "service_development.callsession",
  "pk": 74,
  "fields": {
    "start": "2019-05-01T20:49:49.450Z",
    "end": "2019-05-01T20:52:08.419Z",
    "user": 10,
    "caller_id": "0611441848",
    "service": 3,
    "_language": 2
  }
},
{
  "model": "service_development.callsession",
  "pk": 75,
  "fields": {
    "start": "2019-05-01T20:53:23.643Z",
    "end": "2019-05-01T20:53:39.047Z",
    "user": 10,
    "caller_id": "0611441848",
    "service": 3,
    "_language": 2
  }
},
{
  "model": "service_development.callsession",
  "pk": 76,
  "fields": {
    "start": "2019-05-01T20:54:11.283Z",
    "end": "2019-05-01T20:54:14.172Z",
    "user": 10,
    "caller_id": "0611441848",
    "service": 3,
    "_language": 2
  }
},
{
  "model": "service_development.callsession",
  "pk": 77,
  "fields": {
    "start": "2019-05-01T20:56:53.945Z",
    "end": "2019-05-01T20:57:05.256Z",
    "user": 8,
    "caller_id": "222",
    "service": 3,
    "_language": 2
  }
},
{
  "model": "service_development.callsession",
  "pk": 78,
  "fields": {
    "start": "2019-05-01T20:57:23.687Z",
    "end": "2019-05-01T20:57:36.676Z",
    "user": 10,
    "caller_id": "0611441848",
    "service": 3,
    "_language": 2
  }
},
{
  "model": "service_development.callsession",
  "pk": 79,
  "fields": {
    "start": "2019-05-01T20:58:49.396Z",
    "end": "2019-05-01T20:59:38.276Z",
    "user": 10,
    "caller_id": "0611441848",
    "service": 3,
    "_language": 2
  }
},
{
  "model": "service_development.callsession",
  "pk": 80,
  "fields": {
    "start": "2019-05-01T21:20:21.935Z",
    "end": "2019-05-01T21:20:51.200Z",
    "user": 10,
    "caller_id": "0611441848",
    "service": 3,
    "_language": 2
  }
},
{
  "model": "service_development.callsession",
  "pk": 81,
  "fields": {
    "start": "2019-05-01T21:29:42.059Z",
    "end": "2019-05-01T21:32:34.135Z",
    "user": 10,
    "caller_id": "0611441848",
    "service": 3,
    "_language": 2
  }
},
{
  "model": "service_development.callsession",
  "pk": 82,
  "fields": {
    "start": "2019-05-01T21:33:21.684Z",
    "end": "2019-05-01T21:34:23.742Z",
    "user": 8,
    "caller_id": "222",
    "service": 3,
    "_language": 2
  }
},
{
  "model": "service_development.callsession",
  "pk": 83,
  "fields": {
    "start": "2019-05-01T21:36:10.663Z",
    "end": "2019-05-01T21:37:22.870Z",
    "user": 8,
    "caller_id": "222",
    "service": 3,
    "_language": 2
  }
},
{
  "model": "service_development.callsession",
  "pk": 84,
  "fields": {
    "start": "2019-05-01T21:37:47.633Z",
    "end": "2019-05-01T21:38:21.828Z",
    "user": 8,
    "caller_id": "222",
    "service": 3,
    "_language": 2
  }
},
{
  "model": "service_development.callsession",
  "pk": 85,
  "fields": {
    "start": "2019-05-01T21:39:22.039Z",
    "end": "2019-05-01T21:39:22.248Z",
    "user": 10,
    "caller_id": "0611441848",
    "service": 3,
    "_language": 2
  }
},
{
  "model": "service_development.callsession",
  "pk": 86,
  "fields": {
    "start": "2019-05-01T21:39:59.954Z",
    "end": "2019-05-01T21:42:48.509Z",
    "user": 10,
    "caller_id": "0611441848",
    "service": 3,
    "_language": 2
  }
},
{
  "model": "service_development.callsessionstep",
  "pk": 1,
  "fields": {
    "time": "2019-04-24T17:18:04.964Z",
    "session": 2,
    "_visited_element": null,
    "description": "Language selected, English"
  }
},
{
  "model": "service_development.callsessionstep",
  "pk": 2,
  "fields": {
    "time": "2019-04-24T17:18:05.054Z",
    "session": 2,
    "_visited_element": null,
    "description": "Registered as user: 111"
  }
},
{
  "model": "service_development.callsessionstep",
  "pk": 3,
  "fields": {
    "time": "2019-04-24T17:18:05.188Z",
    "session": 2,
    "_visited_element": 2,
    "description": null
  }
},
{
  "model": "service_development.callsessionstep",
  "pk": 4,
  "fields": {
    "time": "2019-04-24T17:21:30.873Z",
    "session": 2,
    "_visited_element": null,
    "description": "Language selected, English"
  }
},
{
  "model": "service_development.callsessionstep",
  "pk": 5,
  "fields": {
    "time": "2019-04-24T17:22:32.188Z",
    "session": 2,
    "_visited_element": null,
    "description": "Language selected, English"
  }
},
{
  "model": "service_development.callsessionstep",
  "pk": 6,
  "fields": {
    "time": "2019-04-24T17:23:32.937Z",
    "session": 2,
    "_visited_element": null,
    "description": "Language selected, English"
  }
},
{
  "model": "service_development.callsessionstep",
  "pk": 16,
  "fields": {
    "time": "2019-04-24T17:29:52.358Z",
    "session": 11,
    "_visited_element": null,
    "description": "Language selected, English"
  }
},
{
  "model": "service_development.callsessionstep",
  "pk": 17,
  "fields": {
    "time": "2019-04-24T17:29:52.444Z",
    "session": 11,
    "_visited_element": null,
    "description": "Registered as user: 112"
  }
},
{
  "model": "service_development.callsessionstep",
  "pk": 18,
  "fields": {
    "time": "2019-04-24T17:29:52.563Z",
    "session": 11,
    "_visited_element": 2,
    "description": null
  }
},
{
  "model": "service_development.callsessionstep",
  "pk": 19,
  "fields": {
    "time": "2019-04-24T17:31:13.931Z",
    "session": 11,
    "_visited_element": 5,
    "description": null
  }
},
{
  "model": "service_development.callsessionstep",
  "pk": 20,
  "fields": {
    "time": "2019-04-24T17:32:05.832Z",
    "session": 11,
    "_visited_element": 6,
    "description": null
  }
},
{
  "model": "service_development.callsessionstep",
  "pk": 24,
  "fields": {
    "time": "2019-04-24T17:49:04.823Z",
    "session": 13,
    "_visited_element": null,
    "description": "Registered as user: 222"
  }
},
{
  "model": "service_development.callsessionstep",
  "pk": 25,
  "fields": {
    "time": "2019-04-24T17:49:04.977Z",
    "session": 13,
    "_visited_element": 2,
    "description": null
  }
},
{
  "model": "service_development.callsessionstep",
  "pk": 26,
  "fields": {
    "time": "2019-04-24T17:50:40.979Z",
    "session": 13,
    "_visited_element": 5,
    "description": null
  }
},
{
  "model": "service_development.callsessionstep",
  "pk": 27,
  "fields": {
    "time": "2019-04-29T19:53:12.402Z",
    "session": 14,
    "_visited_element": 2,
    "description": null
  }
},
{
  "model": "service_development.callsessionstep",
  "pk": 28,
  "fields": {
    "time": "2019-04-29T19:54:28.957Z",
    "session": 11,
    "_visited_element": null,
    "description": "Language selected, English"
  }
},
{
  "model": "service_development.callsessionstep",
  "pk": 29,
  "fields": {
    "time": "2019-04-29T19:54:37.994Z",
    "session": 15,
    "_visited_element": 2,
    "description": null
  }
},
{
  "model": "service_development.callsessionstep",
  "pk": 30,
  "fields": {
    "time": "2019-04-29T19:55:01.540Z",
    "session": 15,
    "_visited_element": 5,
    "description": null
  }
},
{
  "model": "service_development.callsessionstep",
  "pk": 31,
  "fields": {
    "time": "2019-04-29T20:07:39.502Z",
    "session": 16,
    "_visited_element": null,
    "description": "Registered as user: 222"
  }
},
{
  "model": "service_development.callsessionstep",
  "pk": 32,
  "fields": {
    "time": "2019-04-29T20:07:53.173Z",
    "session": 17,
    "_visited_element": 10,
    "description": null
  }
},
{
  "model": "service_development.callsessionstep",
  "pk": 33,
  "fields": {
    "time": "2019-04-29T20:08:18.398Z",
    "session": 17,
    "_visited_element": 11,
    "description": null
  }
},
{
  "model": "service_development.callsessionstep",
  "pk": 34,
  "fields": {
    "time": "2019-04-29T20:12:11.690Z",
    "session": 18,
    "_visited_element": 10,
    "description": null
  }
},
{
  "model": "service_development.callsessionstep",
  "pk": 35,
  "fields": {
    "time": "2019-04-29T20:12:18.056Z",
    "session": 18,
    "_visited_element": 11,
    "description": null
  }
},
{
  "model": "service_development.callsessionstep",
  "pk": 36,
  "fields": {
    "time": "2019-04-29T20:13:31.057Z",
    "session": 18,
    "_visited_element": 11,
    "description": null
  }
},
{
  "model": "service_development.callsessionstep",
  "pk": 37,
  "fields": {
    "time": "2019-04-29T20:13:32.510Z",
    "session": 18,
    "_visited_element": 11,
    "description": null
  }
},
{
  "model": "service_development.callsessionstep",
  "pk": 38,
  "fields": {
    "time": "2019-04-29T20:13:33.371Z",
    "session": 18,
    "_visited_element": 11,
    "description": null
  }
},
{
  "model": "service_development.callsessionstep",
  "pk": 39,
  "fields": {
    "time": "2019-04-29T20:20:37.160Z",
    "session": 19,
    "_visited_element": 10,
    "description": null
  }
},
{
  "model": "service_development.callsessionstep",
  "pk": 40,
  "fields": {
    "time": "2019-04-29T20:20:54.606Z",
    "session": 19,
    "_visited_element": 11,
    "description": null
  }
},
{
  "model": "service_development.callsessionstep",
  "pk": 41,
  "fields": {
    "time": "2019-04-29T20:22:41.581Z",
    "session": 20,
    "_visited_element": 10,
    "description": null
  }
},
{
  "model": "service_development.callsessionstep",
  "pk": 42,
  "fields": {
    "time": "2019-04-29T20:22:47.473Z",
    "session": 20,
    "_visited_element": 11,
    "description": null
  }
},
{
  "model": "service_development.callsessionstep",
  "pk": 43,
  "fields": {
    "time": "2019-04-29T20:23:01.418Z",
    "session": 20,
    "_visited_element": 13,
    "description": null
  }
},
{
  "model": "service_development.callsessionstep",
  "pk": 44,
  "fields": {
    "time": "2019-04-29T20:23:15.211Z",
    "session": 20,
    "_visited_element": 16,
    "description": null
  }
},
{
  "model": "service_development.callsessionstep",
  "pk": 45,
  "fields": {
    "time": "2019-04-29T20:23:27.061Z",
    "session": 20,
    "_visited_element": 17,
    "description": null
  }
},
{
  "model": "service_development.callsessionstep",
  "pk": 46,
  "fields": {
    "time": "2019-04-29T20:23:42.184Z",
    "session": 20,
    "_visited_element": 15,
    "description": null
  }
},
{
  "model": "service_development.callsessionstep",
  "pk": 47,
  "fields": {
    "time": "2019-04-29T20:23:52.619Z",
    "session": 20,
    "_visited_element": 14,
    "description": null
  }
},
{
  "model": "service_development.callsessionstep",
  "pk": 48,
  "fields": {
    "time": "2019-04-29T20:25:04.627Z",
    "session": 21,
    "_visited_element": 10,
    "description": null
  }
},
{
  "model": "service_development.callsessionstep",
  "pk": 49,
  "fields": {
    "time": "2019-04-29T20:25:09.432Z",
    "session": 21,
    "_visited_element": 11,
    "description": null
  }
},
{
  "model": "service_development.callsessionstep",
  "pk": 50,
  "fields": {
    "time": "2019-04-29T20:25:13.584Z",
    "session": 21,
    "_visited_element": 13,
    "description": null
  }
},
{
  "model": "service_development.callsessionstep",
  "pk": 51,
  "fields": {
    "time": "2019-04-29T20:25:17.964Z",
    "session": 21,
    "_visited_element": 16,
    "description": null
  }
},
{
  "model": "service_development.callsessionstep",
  "pk": 52,
  "fields": {
    "time": "2019-04-29T20:25:23.104Z",
    "session": 21,
    "_visited_element": 17,
    "description": null
  }
},
{
  "model": "service_development.callsessionstep",
  "pk": 53,
  "fields": {
    "time": "2019-04-29T20:25:28.955Z",
    "session": 21,
    "_visited_element": 15,
    "description": null
  }
},
{
  "model": "service_development.callsessionstep",
  "pk": 54,
  "fields": {
    "time": "2019-04-29T20:25:34.936Z",
    "session": 21,
    "_visited_element": 14,
    "description": null
  }
},
{
  "model": "service_development.callsessionstep",
  "pk": 55,
  "fields": {
    "time": "2019-04-29T20:25:41.377Z",
    "session": 21,
    "_visited_element": 14,
    "description": null
  }
},
{
  "model": "service_development.callsessionstep",
  "pk": 56,
  "fields": {
    "time": "2019-04-29T20:25:51.875Z",
    "session": 21,
    "_visited_element": 6,
    "description": null
  }
},
{
  "model": "service_development.callsessionstep",
  "pk": 57,
  "fields": {
    "time": "2019-04-29T20:51:55.463Z",
    "session": 22,
    "_visited_element": 10,
    "description": null
  }
},
{
  "model": "service_development.callsessionstep",
  "pk": 58,
  "fields": {
    "time": "2019-04-29T20:52:02.877Z",
    "session": 22,
    "_visited_element": 11,
    "description": null
  }
},
{
  "model": "service_development.callsessionstep",
  "pk": 59,
  "fields": {
    "time": "2019-04-29T20:52:34.870Z",
    "session": 22,
    "_visited_element": 12,
    "description": null
  }
},
{
  "model": "service_development.callsessionstep",
  "pk": 60,
  "fields": {
    "time": "2019-04-30T09:50:36.611Z",
    "session": 23,
    "_visited_element": 10,
    "description": null
  }
},
{
  "model": "service_development.callsessionstep",
  "pk": 61,
  "fields": {
    "time": "2019-04-30T09:54:40.454Z",
    "session": 24,
    "_visited_element": 10,
    "description": null
  }
},
{
  "model": "service_development.callsessionstep",
  "pk": 62,
  "fields": {
    "time": "2019-04-30T09:54:55.971Z",
    "session": 25,
    "_visited_element": 10,
    "description": null
  }
},
{
  "model": "service_development.callsessionstep",
  "pk": 63,
  "fields": {
    "time": "2019-04-30T09:57:03.882Z",
    "session": 26,
    "_visited_element": 10,
    "description": null
  }
},
{
  "model": "service_development.callsessionstep",
  "pk": 64,
  "fields": {
    "time": "2019-04-30T09:57:55.358Z",
    "session": 27,
    "_visited_element": 10,
    "description": null
  }
},
{
  "model": "service_development.callsessionstep",
  "pk": 65,
  "fields": {
    "time": "2019-04-30T09:58:12.878Z",
    "session": 28,
    "_visited_element": 10,
    "description": null
  }
},
{
  "model": "service_development.callsessionstep",
  "pk": 66,
  "fields": {
    "time": "2019-04-30T09:58:36.359Z",
    "session": 29,
    "_visited_element": 10,
    "description": null
  }
},
{
  "model": "service_development.callsessionstep",
  "pk": 67,
  "fields": {
    "time": "2019-05-01T16:56:56.557Z",
    "session": 30,
    "_visited_element": 10,
    "description": null
  }
},
{
  "model": "service_development.callsessionstep",
  "pk": 68,
  "fields": {
    "time": "2019-05-01T17:50:59.290Z",
    "session": 31,
    "_visited_element": 10,
    "description": null
  }
},
{
  "model": "service_development.callsessionstep",
  "pk": 69,
  "fields": {
    "time": "2019-05-01T17:51:10.675Z",
    "session": 31,
    "_visited_element": 11,
    "description": null
  }
},
{
  "model": "service_development.callsessionstep",
  "pk": 70,
  "fields": {
    "time": "2019-05-01T17:51:23.692Z",
    "session": 31,
    "_visited_element": 13,
    "description": null
  }
},
{
  "model": "service_development.callsessionstep",
  "pk": 71,
  "fields": {
    "time": "2019-05-01T17:53:05.114Z",
    "session": 32,
    "_visited_element": 10,
    "description": null
  }
},
{
  "model": "service_development.callsessionstep",
  "pk": 72,
  "fields": {
    "time": "2019-05-01T17:53:09.981Z",
    "session": 32,
    "_visited_element": 11,
    "description": null
  }
},
{
  "model": "service_development.callsessionstep",
  "pk": 73,
  "fields": {
    "time": "2019-05-01T17:53:14.679Z",
    "session": 32,
    "_visited_element": 13,
    "description": null
  }
},
{
  "model": "service_development.callsessionstep",
  "pk": 74,
  "fields": {
    "time": "2019-05-01T17:53:21.499Z",
    "session": 32,
    "_visited_element": 18,
    "description": null
  }
},
{
  "model": "service_development.callsessionstep",
  "pk": 75,
  "fields": {
    "time": "2019-05-01T17:53:29.810Z",
    "session": 32,
    "_visited_element": 23,
    "description": null
  }
},
{
  "model": "service_development.callsessionstep",
  "pk": 76,
  "fields": {
    "time": "2019-05-01T17:57:09.456Z",
    "session": 33,
    "_visited_element": 10,
    "description": null
  }
},
{
  "model": "service_development.callsessionstep",
  "pk": 77,
  "fields": {
    "time": "2019-05-01T17:57:13.687Z",
    "session": 33,
    "_visited_element": 11,
    "description": null
  }
},
{
  "model": "service_development.callsessionstep",
  "pk": 78,
  "fields": {
    "time": "2019-05-01T17:57:18.740Z",
    "session": 33,
    "_visited_element": 13,
    "description": null
  }
},
{
  "model": "service_development.callsessionstep",
  "pk": 79,
  "fields": {
    "time": "2019-05-01T17:57:24.031Z",
    "session": 33,
    "_visited_element": 18,
    "description": null
  }
},
{
  "model": "service_development.callsessionstep",
  "pk": 80,
  "fields": {
    "time": "2019-05-01T17:57:31.480Z",
    "session": 33,
    "_visited_element": 23,
    "description": null
  }
},
{
  "model": "service_development.callsessionstep",
  "pk": 81,
  "fields": {
    "time": "2019-05-01T17:57:58.012Z",
    "session": 33,
    "_visited_element": 34,
    "description": null
  }
},
{
  "model": "service_development.callsessionstep",
  "pk": 82,
  "fields": {
    "time": "2019-05-01T17:58:09.920Z",
    "session": 33,
    "_visited_element": 35,
    "description": null
  }
},
{
  "model": "service_development.callsessionstep",
  "pk": 83,
  "fields": {
    "time": "2019-05-01T17:58:28.005Z",
    "session": 33,
    "_visited_element": 63,
    "description": null
  }
},
{
  "model": "service_development.callsessionstep",
  "pk": 84,
  "fields": {
    "time": "2019-05-01T18:36:15.321Z",
    "session": 34,
    "_visited_element": null,
    "description": "Registered as user: anonymous"
  }
},
{
  "model": "service_development.callsessionstep",
  "pk": 85,
  "fields": {
    "time": "2019-05-01T18:36:15.472Z",
    "session": 34,
    "_visited_element": 10,
    "description": null
  }
},
{
  "model": "service_development.callsessionstep",
  "pk": 86,
  "fields": {
    "time": "2019-05-01T18:36:15.580Z",
    "session": 34,
    "_visited_element": 11,
    "description": null
  }
},
{
  "model": "service_development.callsessionstep",
  "pk": 87,
  "fields": {
    "time": "2019-05-01T18:36:18.093Z",
    "session": 34,
    "_visited_element": 13,
    "description": null
  }
},
{
  "model": "service_development.callsessionstep",
  "pk": 88,
  "fields": {
    "time": "2019-05-01T18:36:20.898Z",
    "session": 34,
    "_visited_element": 18,
    "description": null
  }
},
{
  "model": "service_development.callsessionstep",
  "pk": 89,
  "fields": {
    "time": "2019-05-01T18:39:02.621Z",
    "session": 35,
    "_visited_element": 10,
    "description": null
  }
},
{
  "model": "service_development.callsessionstep",
  "pk": 90,
  "fields": {
    "time": "2019-05-01T18:39:02.724Z",
    "session": 35,
    "_visited_element": 11,
    "description": null
  }
},
{
  "model": "service_development.callsessionstep",
  "pk": 91,
  "fields": {
    "time": "2019-05-01T18:39:04.899Z",
    "session": 35,
    "_visited_element": 13,
    "description": null
  }
},
{
  "model": "service_development.callsessionstep",
  "pk": 92,
  "fields": {
    "time": "2019-05-01T18:39:07.659Z",
    "session": 35,
    "_visited_element": 18,
    "description": null
  }
},
{
  "model": "service_development.callsessionstep",
  "pk": 93,
  "fields": {
    "time": "2019-05-01T18:47:01.821Z",
    "session": 36,
    "_visited_element": null,
    "description": "Registered as user: 0611441848"
  }
},
{
  "model": "service_development.callsessionstep",
  "pk": 94,
  "fields": {
    "time": "2019-05-01T18:47:01.983Z",
    "session": 36,
    "_visited_element": 10,
    "description": null
  }
},
{
  "model": "service_development.callsessionstep",
  "pk": 95,
  "fields": {
    "time": "2019-05-01T18:47:02.064Z",
    "session": 36,
    "_visited_element": 11,
    "description": null
  }
},
{
  "model": "service_development.callsessionstep",
  "pk": 96,
  "fields": {
    "time": "2019-05-01T18:47:04.608Z",
    "session": 36,
    "_visited_element": 13,
    "description": null
  }
},
{
  "model": "service_development.callsessionstep",
  "pk": 97,
  "fields": {
    "time": "2019-05-01T18:47:07.344Z",
    "session": 36,
    "_visited_element": 18,
    "description": null
  }
},
{
  "model": "service_development.callsessionstep",
  "pk": 98,
  "fields": {
    "time": "2019-05-01T18:47:34.304Z",
    "session": 36,
    "_visited_element": 23,
    "description": null
  }
},
{
  "model": "service_development.callsessionstep",
  "pk": 99,
  "fields": {
    "time": "2019-05-01T18:47:43.443Z",
    "session": 36,
    "_visited_element": 34,
    "description": null
  }
},
{
  "model": "service_development.callsessionstep",
  "pk": 100,
  "fields": {
    "time": "2019-05-01T18:47:54.600Z",
    "session": 36,
    "_visited_element": 35,
    "description": null
  }
},
{
  "model": "service_development.callsessionstep",
  "pk": 101,
  "fields": {
    "time": "2019-05-01T18:48:14.986Z",
    "session": 36,
    "_visited_element": 63,
    "description": null
  }
},
{
  "model": "service_development.callsessionstep",
  "pk": 102,
  "fields": {
    "time": "2019-05-01T18:49:35.025Z",
    "session": 37,
    "_visited_element": 10,
    "description": null
  }
},
{
  "model": "service_development.callsessionstep",
  "pk": 103,
  "fields": {
    "time": "2019-05-01T18:49:35.131Z",
    "session": 37,
    "_visited_element": 11,
    "description": null
  }
},
{
  "model": "service_development.callsessionstep",
  "pk": 104,
  "fields": {
    "time": "2019-05-01T18:49:37.349Z",
    "session": 37,
    "_visited_element": 13,
    "description": null
  }
},
{
  "model": "service_development.callsessionstep",
  "pk": 105,
  "fields": {
    "time": "2019-05-01T18:49:40.085Z",
    "session": 37,
    "_visited_element": 18,
    "description": null
  }
},
{
  "model": "service_development.callsessionstep",
  "pk": 106,
  "fields": {
    "time": "2019-05-01T19:15:33.256Z",
    "session": 38,
    "_visited_element": 10,
    "description": null
  }
},
{
  "model": "service_development.callsessionstep",
  "pk": 107,
  "fields": {
    "time": "2019-05-01T19:15:33.399Z",
    "session": 38,
    "_visited_element": 11,
    "description": null
  }
},
{
  "model": "service_development.callsessionstep",
  "pk": 108,
  "fields": {
    "time": "2019-05-01T19:15:36.034Z",
    "session": 38,
    "_visited_element": 12,
    "description": null
  }
},
{
  "model": "service_development.callsessionstep",
  "pk": 109,
  "fields": {
    "time": "2019-05-01T19:16:41.751Z",
    "session": 39,
    "_visited_element": 10,
    "description": null
  }
},
{
  "model": "service_development.callsessionstep",
  "pk": 110,
  "fields": {
    "time": "2019-05-01T19:16:41.846Z",
    "session": 39,
    "_visited_element": 11,
    "description": null
  }
},
{
  "model": "service_development.callsessionstep",
  "pk": 111,
  "fields": {
    "time": "2019-05-01T19:16:44.058Z",
    "session": 39,
    "_visited_element": 13,
    "description": null
  }
},
{
  "model": "service_development.callsessionstep",
  "pk": 112,
  "fields": {
    "time": "2019-05-01T19:16:46.793Z",
    "session": 39,
    "_visited_element": 18,
    "description": null
  }
},
{
  "model": "service_development.callsessionstep",
  "pk": 113,
  "fields": {
    "time": "2019-05-01T19:17:12.496Z",
    "session": 39,
    "_visited_element": 23,
    "description": null
  }
},
{
  "model": "service_development.callsessionstep",
  "pk": 114,
  "fields": {
    "time": "2019-05-01T19:17:40.670Z",
    "session": 39,
    "_visited_element": 34,
    "description": null
  }
},
{
  "model": "service_development.callsessionstep",
  "pk": 115,
  "fields": {
    "time": "2019-05-01T19:18:00.896Z",
    "session": 39,
    "_visited_element": 35,
    "description": null
  }
},
{
  "model": "service_development.callsessionstep",
  "pk": 116,
  "fields": {
    "time": "2019-05-01T19:18:21.036Z",
    "session": 39,
    "_visited_element": 63,
    "description": null
  }
},
{
  "model": "service_development.callsessionstep",
  "pk": 117,
  "fields": {
    "time": "2019-05-01T19:19:27.093Z",
    "session": 40,
    "_visited_element": 10,
    "description": null
  }
},
{
  "model": "service_development.callsessionstep",
  "pk": 118,
  "fields": {
    "time": "2019-05-01T19:19:34.093Z",
    "session": 40,
    "_visited_element": 11,
    "description": null
  }
},
{
  "model": "service_development.callsessionstep",
  "pk": 119,
  "fields": {
    "time": "2019-05-01T19:19:40.513Z",
    "session": 40,
    "_visited_element": 13,
    "description": null
  }
},
{
  "model": "service_development.callsessionstep",
  "pk": 120,
  "fields": {
    "time": "2019-05-01T19:19:48.672Z",
    "session": 40,
    "_visited_element": 18,
    "description": null
  }
},
{
  "model": "service_development.callsessionstep",
  "pk": 121,
  "fields": {
    "time": "2019-05-01T19:21:02.542Z",
    "session": 41,
    "_visited_element": 10,
    "description": null
  }
},
{
  "model": "service_development.callsessionstep",
  "pk": 122,
  "fields": {
    "time": "2019-05-01T19:21:06.379Z",
    "session": 41,
    "_visited_element": 11,
    "description": null
  }
},
{
  "model": "service_development.callsessionstep",
  "pk": 123,
  "fields": {
    "time": "2019-05-01T19:21:09.748Z",
    "session": 41,
    "_visited_element": 13,
    "description": null
  }
},
{
  "model": "service_development.callsessionstep",
  "pk": 124,
  "fields": {
    "time": "2019-05-01T19:21:15.102Z",
    "session": 41,
    "_visited_element": 18,
    "description": null
  }
},
{
  "model": "service_development.callsessionstep",
  "pk": 125,
  "fields": {
    "time": "2019-05-01T19:21:37.997Z",
    "session": 41,
    "_visited_element": 23,
    "description": null
  }
},
{
  "model": "service_development.callsessionstep",
  "pk": 126,
  "fields": {
    "time": "2019-05-01T19:34:05.499Z",
    "session": 42,
    "_visited_element": 10,
    "description": null
  }
},
{
  "model": "service_development.callsessionstep",
  "pk": 127,
  "fields": {
    "time": "2019-05-01T19:45:29.073Z",
    "session": 43,
    "_visited_element": 10,
    "description": null
  }
},
{
  "model": "service_development.callsessionstep",
  "pk": 128,
  "fields": {
    "time": "2019-05-01T19:45:39.823Z",
    "session": 43,
    "_visited_element": 11,
    "description": null
  }
},
{
  "model": "service_development.callsessionstep",
  "pk": 129,
  "fields": {
    "time": "2019-05-01T19:47:20.024Z",
    "session": 44,
    "_visited_element": 10,
    "description": null
  }
},
{
  "model": "service_development.callsessionstep",
  "pk": 130,
  "fields": {
    "time": "2019-05-01T19:47:24.280Z",
    "session": 44,
    "_visited_element": 11,
    "description": null
  }
},
{
  "model": "service_development.callsessionstep",
  "pk": 131,
  "fields": {
    "time": "2019-05-01T19:52:11.509Z",
    "session": 45,
    "_visited_element": 10,
    "description": null
  }
},
{
  "model": "service_development.callsessionstep",
  "pk": 132,
  "fields": {
    "time": "2019-05-01T19:52:22.739Z",
    "session": 45,
    "_visited_element": 11,
    "description": null
  }
},
{
  "model": "service_development.callsessionstep",
  "pk": 133,
  "fields": {
    "time": "2019-05-01T19:53:41.569Z",
    "session": 46,
    "_visited_element": 10,
    "description": null
  }
},
{
  "model": "service_development.callsessionstep",
  "pk": 134,
  "fields": {
    "time": "2019-05-01T19:53:52.061Z",
    "session": 45,
    "_visited_element": 11,
    "description": null
  }
},
{
  "model": "service_development.callsessionstep",
  "pk": 135,
  "fields": {
    "time": "2019-05-01T19:54:32.154Z",
    "session": 47,
    "_visited_element": 10,
    "description": null
  }
},
{
  "model": "service_development.callsessionstep",
  "pk": 136,
  "fields": {
    "time": "2019-05-01T19:55:06.814Z",
    "session": 48,
    "_visited_element": 10,
    "description": null
  }
},
{
  "model": "service_development.callsessionstep",
  "pk": 137,
  "fields": {
    "time": "2019-05-01T19:58:05.707Z",
    "session": 49,
    "_visited_element": 10,
    "description": null
  }
},
{
  "model": "service_development.callsessionstep",
  "pk": 138,
  "fields": {
    "time": "2019-05-01T19:59:28.806Z",
    "session": 50,
    "_visited_element": 10,
    "description": null
  }
},
{
  "model": "service_development.callsessionstep",
  "pk": 139,
  "fields": {
    "time": "2019-05-01T20:00:58.769Z",
    "session": 51,
    "_visited_element": 10,
    "description": null
  }
},
{
  "model": "service_development.callsessionstep",
  "pk": 140,
  "fields": {
    "time": "2019-05-01T20:06:32.432Z",
    "session": 52,
    "_visited_element": 10,
    "description": null
  }
},
{
  "model": "service_development.callsessionstep",
  "pk": 141,
  "fields": {
    "time": "2019-05-01T20:07:34.482Z",
    "session": 53,
    "_visited_element": 10,
    "description": null
  }
},
{
  "model": "service_development.callsessionstep",
  "pk": 142,
  "fields": {
    "time": "2019-05-01T20:08:21.976Z",
    "session": 54,
    "_visited_element": 10,
    "description": null
  }
},
{
  "model": "service_development.callsessionstep",
  "pk": 143,
  "fields": {
    "time": "2019-05-01T20:08:28.761Z",
    "session": 54,
    "_visited_element": 13,
    "description": null
  }
},
{
  "model": "service_development.callsessionstep",
  "pk": 144,
  "fields": {
    "time": "2019-05-01T20:09:23.755Z",
    "session": 55,
    "_visited_element": 10,
    "description": null
  }
},
{
  "model": "service_development.callsessionstep",
  "pk": 145,
  "fields": {
    "time": "2019-05-01T20:09:39.832Z",
    "session": 55,
    "_visited_element": 13,
    "description": null
  }
},
{
  "model": "service_development.callsessionstep",
  "pk": 146,
  "fields": {
    "time": "2019-05-01T20:10:48.913Z",
    "session": 56,
    "_visited_element": 10,
    "description": null
  }
},
{
  "model": "service_development.callsessionstep",
  "pk": 147,
  "fields": {
    "time": "2019-05-01T20:10:56.887Z",
    "session": 56,
    "_visited_element": 13,
    "description": null
  }
},
{
  "model": "service_development.callsessionstep",
  "pk": 148,
  "fields": {
    "time": "2019-05-01T20:11:16.451Z",
    "session": 56,
    "_visited_element": 13,
    "description": null
  }
},
{
  "model": "service_development.callsessionstep",
  "pk": 149,
  "fields": {
    "time": "2019-05-01T20:15:43.503Z",
    "session": 57,
    "_visited_element": 10,
    "description": null
  }
},
{
  "model": "service_development.callsessionstep",
  "pk": 150,
  "fields": {
    "time": "2019-05-01T20:15:43.620Z",
    "session": 57,
    "_visited_element": 12,
    "description": null
  }
},
{
  "model": "service_development.callsessionstep",
  "pk": 151,
  "fields": {
    "time": "2019-05-01T20:21:12.682Z",
    "session": 56,
    "_visited_element": 18,
    "description": null
  }
},
{
  "model": "service_development.callsessionstep",
  "pk": 152,
  "fields": {
    "time": "2019-05-01T20:21:17.933Z",
    "session": 56,
    "_visited_element": 23,
    "description": null
  }
},
{
  "model": "service_development.callsessionstep",
  "pk": 153,
  "fields": {
    "time": "2019-05-01T20:21:23.486Z",
    "session": 56,
    "_visited_element": 34,
    "description": null
  }
},
{
  "model": "service_development.callsessionstep",
  "pk": 154,
  "fields": {
    "time": "2019-05-01T20:21:58.666Z",
    "session": 56,
    "_visited_element": 35,
    "description": null
  }
},
{
  "model": "service_development.callsessionstep",
  "pk": 155,
  "fields": {
    "time": "2019-05-01T20:22:15.374Z",
    "session": 56,
    "_visited_element": 63,
    "description": null
  }
},
{
  "model": "service_development.callsessionstep",
  "pk": 156,
  "fields": {
    "time": "2019-05-01T20:23:44.828Z",
    "session": 58,
    "_visited_element": 10,
    "description": null
  }
},
{
  "model": "service_development.callsessionstep",
  "pk": 157,
  "fields": {
    "time": "2019-05-01T20:23:44.949Z",
    "session": 58,
    "_visited_element": 12,
    "description": null
  }
},
{
  "model": "service_development.callsessionstep",
  "pk": 158,
  "fields": {
    "time": "2019-05-01T20:24:55.419Z",
    "session": 59,
    "_visited_element": 10,
    "description": null
  }
},
{
  "model": "service_development.callsessionstep",
  "pk": 159,
  "fields": {
    "time": "2019-05-01T20:24:55.532Z",
    "session": 59,
    "_visited_element": 12,
    "description": null
  }
},
{
  "model": "service_development.callsessionstep",
  "pk": 160,
  "fields": {
    "time": "2019-05-01T20:26:12.860Z",
    "session": 60,
    "_visited_element": 10,
    "description": null
  }
},
{
  "model": "service_development.callsessionstep",
  "pk": 161,
  "fields": {
    "time": "2019-05-01T20:26:12.945Z",
    "session": 60,
    "_visited_element": 12,
    "description": null
  }
},
{
  "model": "service_development.callsessionstep",
  "pk": 162,
  "fields": {
    "time": "2019-05-01T20:28:42.264Z",
    "session": 61,
    "_visited_element": 10,
    "description": null
  }
},
{
  "model": "service_development.callsessionstep",
  "pk": 163,
  "fields": {
    "time": "2019-05-01T20:28:53.890Z",
    "session": 61,
    "_visited_element": 12,
    "description": null
  }
},
{
  "model": "service_development.callsessionstep",
  "pk": 164,
  "fields": {
    "time": "2019-05-01T20:29:21.025Z",
    "session": 62,
    "_visited_element": 10,
    "description": null
  }
},
{
  "model": "service_development.callsessionstep",
  "pk": 165,
  "fields": {
    "time": "2019-05-01T20:29:21.127Z",
    "session": 62,
    "_visited_element": 11,
    "description": null
  }
},
{
  "model": "service_development.callsessionstep",
  "pk": 166,
  "fields": {
    "time": "2019-05-01T20:29:23.356Z",
    "session": 62,
    "_visited_element": 12,
    "description": null
  }
},
{
  "model": "service_development.callsessionstep",
  "pk": 167,
  "fields": {
    "time": "2019-05-01T20:30:39.737Z",
    "session": 63,
    "_visited_element": 10,
    "description": null
  }
},
{
  "model": "service_development.callsessionstep",
  "pk": 168,
  "fields": {
    "time": "2019-05-01T20:31:09.293Z",
    "session": 63,
    "_visited_element": 11,
    "description": null
  }
},
{
  "model": "service_development.callsessionstep",
  "pk": 169,
  "fields": {
    "time": "2019-05-01T20:31:25.360Z",
    "session": 63,
    "_visited_element": 13,
    "description": null
  }
},
{
  "model": "service_development.callsessionstep",
  "pk": 170,
  "fields": {
    "time": "2019-05-01T20:32:00.539Z",
    "session": 64,
    "_visited_element": 10,
    "description": null
  }
},
{
  "model": "service_development.callsessionstep",
  "pk": 171,
  "fields": {
    "time": "2019-05-01T20:32:04.312Z",
    "session": 64,
    "_visited_element": 11,
    "description": null
  }
},
{
  "model": "service_development.callsessionstep",
  "pk": 172,
  "fields": {
    "time": "2019-05-01T20:34:42.350Z",
    "session": 65,
    "_visited_element": 10,
    "description": null
  }
},
{
  "model": "service_development.callsessionstep",
  "pk": 173,
  "fields": {
    "time": "2019-05-01T20:34:47.051Z",
    "session": 65,
    "_visited_element": 11,
    "description": null
  }
},
{
  "model": "service_development.callsessionstep",
  "pk": 174,
  "fields": {
    "time": "2019-05-01T20:34:51.605Z",
    "session": 66,
    "_visited_element": 10,
    "description": null
  }
},
{
  "model": "service_development.callsessionstep",
  "pk": 175,
  "fields": {
    "time": "2019-05-01T20:34:51.722Z",
    "session": 66,
    "_visited_element": 11,
    "description": null
  }
},
{
  "model": "service_development.callsessionstep",
  "pk": 176,
  "fields": {
    "time": "2019-05-01T20:34:53.258Z",
    "session": 65,
    "_visited_element": 13,
    "description": null
  }
},
{
  "model": "service_development.callsessionstep",
  "pk": 177,
  "fields": {
    "time": "2019-05-01T20:34:53.930Z",
    "session": 66,
    "_visited_element": 12,
    "description": null
  }
},
{
  "model": "service_development.callsessionstep",
  "pk": 178,
  "fields": {
    "time": "2019-05-01T20:35:53.447Z",
    "session": 47,
    "_visited_element": 11,
    "description": null
  }
},
{
  "model": "service_development.callsessionstep",
  "pk": 179,
  "fields": {
    "time": "2019-05-01T20:36:55.285Z",
    "session": 67,
    "_visited_element": 10,
    "description": null
  }
},
{
  "model": "service_development.callsessionstep",
  "pk": 180,
  "fields": {
    "time": "2019-05-01T20:37:01.835Z",
    "session": 67,
    "_visited_element": 11,
    "description": null
  }
},
{
  "model": "service_development.callsessionstep",
  "pk": 181,
  "fields": {
    "time": "2019-05-01T20:37:06.556Z",
    "session": 65,
    "_visited_element": 13,
    "description": null
  }
},
{
  "model": "service_development.callsessionstep",
  "pk": 182,
  "fields": {
    "time": "2019-05-01T20:40:26.032Z",
    "session": 47,
    "_visited_element": 13,
    "description": null
  }
},
{
  "model": "service_development.callsessionstep",
  "pk": 183,
  "fields": {
    "time": "2019-05-01T20:40:32.180Z",
    "session": 47,
    "_visited_element": 18,
    "description": null
  }
},
{
  "model": "service_development.callsessionstep",
  "pk": 184,
  "fields": {
    "time": "2019-05-01T20:41:17.681Z",
    "session": 68,
    "_visited_element": 10,
    "description": null
  }
},
{
  "model": "service_development.callsessionstep",
  "pk": 185,
  "fields": {
    "time": "2019-05-01T20:41:49.976Z",
    "session": 68,
    "_visited_element": 11,
    "description": null
  }
},
{
  "model": "service_development.callsessionstep",
  "pk": 186,
  "fields": {
    "time": "2019-05-01T20:41:53.837Z",
    "session": 68,
    "_visited_element": 13,
    "description": null
  }
},
{
  "model": "service_development.callsessionstep",
  "pk": 187,
  "fields": {
    "time": "2019-05-01T20:43:49.476Z",
    "session": 69,
    "_visited_element": 10,
    "description": null
  }
},
{
  "model": "service_development.callsessionstep",
  "pk": 188,
  "fields": {
    "time": "2019-05-01T20:43:56.999Z",
    "session": 70,
    "_visited_element": 10,
    "description": null
  }
},
{
  "model": "service_development.callsessionstep",
  "pk": 189,
  "fields": {
    "time": "2019-05-01T20:44:07.224Z",
    "session": 71,
    "_visited_element": 10,
    "description": null
  }
},
{
  "model": "service_development.callsessionstep",
  "pk": 190,
  "fields": {
    "time": "2019-05-01T20:44:18.433Z",
    "session": 71,
    "_visited_element": 11,
    "description": null
  }
},
{
  "model": "service_development.callsessionstep",
  "pk": 191,
  "fields": {
    "time": "2019-05-01T20:44:33.672Z",
    "session": 71,
    "_visited_element": 12,
    "description": null
  }
},
{
  "model": "service_development.callsessionstep",
  "pk": 192,
  "fields": {
    "time": "2019-05-01T20:46:14.234Z",
    "session": 72,
    "_visited_element": 10,
    "description": null
  }
},
{
  "model": "service_development.callsessionstep",
  "pk": 193,
  "fields": {
    "time": "2019-05-01T20:46:14.321Z",
    "session": 72,
    "_visited_element": 11,
    "description": null
  }
},
{
  "model": "service_development.callsessionstep",
  "pk": 194,
  "fields": {
    "time": "2019-05-01T20:46:17.017Z",
    "session": 72,
    "_visited_element": 12,
    "description": null
  }
},
{
  "model": "service_development.callsessionstep",
  "pk": 195,
  "fields": {
    "time": "2019-05-01T20:48:59.742Z",
    "session": 73,
    "_visited_element": 10,
    "description": null
  }
},
{
  "model": "service_development.callsessionstep",
  "pk": 196,
  "fields": {
    "time": "2019-05-01T20:48:59.816Z",
    "session": 73,
    "_visited_element": 11,
    "description": null
  }
},
{
  "model": "service_development.callsessionstep",
  "pk": 197,
  "fields": {
    "time": "2019-05-01T20:49:02.048Z",
    "session": 73,
    "_visited_element": 12,
    "description": null
  }
},
{
  "model": "service_development.callsessionstep",
  "pk": 198,
  "fields": {
    "time": "2019-05-01T20:49:49.541Z",
    "session": 74,
    "_visited_element": 10,
    "description": null
  }
},
{
  "model": "service_development.callsessionstep",
  "pk": 199,
  "fields": {
    "time": "2019-05-01T20:49:49.849Z",
    "session": 74,
    "_visited_element": 11,
    "description": null
  }
},
{
  "model": "service_development.callsessionstep",
  "pk": 200,
  "fields": {
    "time": "2019-05-01T20:49:52.348Z",
    "session": 74,
    "_visited_element": 12,
    "description": null
  }
},
{
  "model": "service_development.callsessionstep",
  "pk": 201,
  "fields": {
    "time": "2019-05-01T20:50:18.249Z",
    "session": 74,
    "_visited_element": 13,
    "description": null
  }
},
{
  "model": "service_development.callsessionstep",
  "pk": 202,
  "fields": {
    "time": "2019-05-01T20:50:19.080Z",
    "session": 74,
    "_visited_element": 18,
    "description": null
  }
},
{
  "model": "service_development.callsessionstep",
  "pk": 203,
  "fields": {
    "time": "2019-05-01T20:50:46.595Z",
    "session": 74,
    "_visited_element": 23,
    "description": null
  }
},
{
  "model": "service_development.callsessionstep",
  "pk": 204,
  "fields": {
    "time": "2019-05-01T20:51:23.174Z",
    "session": 74,
    "_visited_element": 18,
    "description": null
  }
},
{
  "model": "service_development.callsessionstep",
  "pk": 205,
  "fields": {
    "time": "2019-05-01T20:51:26.874Z",
    "session": 74,
    "_visited_element": 23,
    "description": null
  }
},
{
  "model": "service_development.callsessionstep",
  "pk": 206,
  "fields": {
    "time": "2019-05-01T20:51:29.595Z",
    "session": 74,
    "_visited_element": 34,
    "description": null
  }
},
{
  "model": "service_development.callsessionstep",
  "pk": 207,
  "fields": {
    "time": "2019-05-01T20:51:49.071Z",
    "session": 74,
    "_visited_element": 35,
    "description": null
  }
},
{
  "model": "service_development.callsessionstep",
  "pk": 208,
  "fields": {
    "time": "2019-05-01T20:52:08.424Z",
    "session": 74,
    "_visited_element": 63,
    "description": null
  }
},
{
  "model": "service_development.callsessionstep",
  "pk": 209,
  "fields": {
    "time": "2019-05-01T20:53:23.734Z",
    "session": 75,
    "_visited_element": 10,
    "description": null
  }
},
{
  "model": "service_development.callsessionstep",
  "pk": 210,
  "fields": {
    "time": "2019-05-01T20:53:23.836Z",
    "session": 75,
    "_visited_element": 11,
    "description": null
  }
},
{
  "model": "service_development.callsessionstep",
  "pk": 211,
  "fields": {
    "time": "2019-05-01T20:53:26.509Z",
    "session": 75,
    "_visited_element": 12,
    "description": null
  }
},
{
  "model": "service_development.callsessionstep",
  "pk": 212,
  "fields": {
    "time": "2019-05-01T20:53:37.899Z",
    "session": 75,
    "_visited_element": 13,
    "description": null
  }
},
{
  "model": "service_development.callsessionstep",
  "pk": 213,
  "fields": {
    "time": "2019-05-01T20:53:39.051Z",
    "session": 75,
    "_visited_element": 18,
    "description": null
  }
},
{
  "model": "service_development.callsessionstep",
  "pk": 214,
  "fields": {
    "time": "2019-05-01T20:54:11.373Z",
    "session": 76,
    "_visited_element": 10,
    "description": null
  }
},
{
  "model": "service_development.callsessionstep",
  "pk": 215,
  "fields": {
    "time": "2019-05-01T20:54:11.483Z",
    "session": 76,
    "_visited_element": 11,
    "description": null
  }
},
{
  "model": "service_development.callsessionstep",
  "pk": 216,
  "fields": {
    "time": "2019-05-01T20:54:14.176Z",
    "session": 76,
    "_visited_element": 12,
    "description": null
  }
},
{
  "model": "service_development.callsessionstep",
  "pk": 217,
  "fields": {
    "time": "2019-05-01T20:56:54.009Z",
    "session": 77,
    "_visited_element": 10,
    "description": null
  }
},
{
  "model": "service_development.callsessionstep",
  "pk": 218,
  "fields": {
    "time": "2019-05-01T20:57:05.260Z",
    "session": 77,
    "_visited_element": 13,
    "description": null
  }
},
{
  "model": "service_development.callsessionstep",
  "pk": 219,
  "fields": {
    "time": "2019-05-01T20:57:23.783Z",
    "session": 78,
    "_visited_element": 10,
    "description": null
  }
},
{
  "model": "service_development.callsessionstep",
  "pk": 220,
  "fields": {
    "time": "2019-05-01T20:57:23.896Z",
    "session": 78,
    "_visited_element": 12,
    "description": null
  }
},
{
  "model": "service_development.callsessionstep",
  "pk": 221,
  "fields": {
    "time": "2019-05-01T20:57:35.471Z",
    "session": 78,
    "_visited_element": 13,
    "description": null
  }
},
{
  "model": "service_development.callsessionstep",
  "pk": 222,
  "fields": {
    "time": "2019-05-01T20:57:36.680Z",
    "session": 78,
    "_visited_element": 18,
    "description": null
  }
},
{
  "model": "service_development.callsessionstep",
  "pk": 223,
  "fields": {
    "time": "2019-05-01T20:58:49.487Z",
    "session": 79,
    "_visited_element": 10,
    "description": null
  }
},
{
  "model": "service_development.callsessionstep",
  "pk": 224,
  "fields": {
    "time": "2019-05-01T20:58:49.595Z",
    "session": 79,
    "_visited_element": 12,
    "description": null
  }
},
{
  "model": "service_development.callsessionstep",
  "pk": 225,
  "fields": {
    "time": "2019-05-01T20:59:37.462Z",
    "session": 79,
    "_visited_element": 13,
    "description": null
  }
},
{
  "model": "service_development.callsessionstep",
  "pk": 226,
  "fields": {
    "time": "2019-05-01T20:59:38.280Z",
    "session": 79,
    "_visited_element": 18,
    "description": null
  }
},
{
  "model": "service_development.callsessionstep",
  "pk": 227,
  "fields": {
    "time": "2019-05-01T21:20:22.035Z",
    "session": 80,
    "_visited_element": 10,
    "description": null
  }
},
{
  "model": "service_development.callsessionstep",
  "pk": 228,
  "fields": {
    "time": "2019-05-01T21:20:22.120Z",
    "session": 80,
    "_visited_element": 12,
    "description": null
  }
},
{
  "model": "service_development.callsessionstep",
  "pk": 229,
  "fields": {
    "time": "2019-05-01T21:20:46.317Z",
    "session": 80,
    "_visited_element": 13,
    "description": null
  }
},
{
  "model": "service_development.callsessionstep",
  "pk": 230,
  "fields": {
    "time": "2019-05-01T21:20:51.205Z",
    "session": 80,
    "_visited_element": 18,
    "description": null
  }
},
{
  "model": "service_development.callsessionstep",
  "pk": 231,
  "fields": {
    "time": "2019-05-01T21:29:42.172Z",
    "session": 81,
    "_visited_element": 10,
    "description": null
  }
},
{
  "model": "service_development.callsessionstep",
  "pk": 232,
  "fields": {
    "time": "2019-05-01T21:29:42.273Z",
    "session": 81,
    "_visited_element": 12,
    "description": null
  }
},
{
  "model": "service_development.callsessionstep",
  "pk": 233,
  "fields": {
    "time": "2019-05-01T21:30:05.911Z",
    "session": 81,
    "_visited_element": 13,
    "description": null
  }
},
{
  "model": "service_development.callsessionstep",
  "pk": 234,
  "fields": {
    "time": "2019-05-01T21:30:07.600Z",
    "session": 81,
    "_visited_element": 18,
    "description": null
  }
},
{
  "model": "service_development.callsessionstep",
  "pk": 235,
  "fields": {
    "time": "2019-05-01T21:30:35.102Z",
    "session": 81,
    "_visited_element": 23,
    "description": null
  }
},
{
  "model": "service_development.callsessionstep",
  "pk": 236,
  "fields": {
    "time": "2019-05-01T21:31:10.303Z",
    "session": 81,
    "_visited_element": 18,
    "description": null
  }
},
{
  "model": "service_development.callsessionstep",
  "pk": 237,
  "fields": {
    "time": "2019-05-01T21:31:19.814Z",
    "session": 81,
    "_visited_element": 31,
    "description": null
  }
},
{
  "model": "service_development.callsessionstep",
  "pk": 238,
  "fields": {
    "time": "2019-05-01T21:31:52.502Z",
    "session": 81,
    "_visited_element": 34,
    "description": null
  }
},
{
  "model": "service_development.callsessionstep",
  "pk": 239,
  "fields": {
    "time": "2019-05-01T21:32:12.153Z",
    "session": 81,
    "_visited_element": 35,
    "description": null
  }
},
{
  "model": "service_development.callsessionstep",
  "pk": 240,
  "fields": {
    "time": "2019-05-01T21:32:34.139Z",
    "session": 81,
    "_visited_element": 63,
    "description": null
  }
},
{
  "model": "service_development.callsessionstep",
  "pk": 241,
  "fields": {
    "time": "2019-05-01T21:33:21.741Z",
    "session": 82,
    "_visited_element": 10,
    "description": null
  }
},
{
  "model": "service_development.callsessionstep",
  "pk": 242,
  "fields": {
    "time": "2019-05-01T21:33:29.653Z",
    "session": 82,
    "_visited_element": 13,
    "description": null
  }
},
{
  "model": "service_development.callsessionstep",
  "pk": 243,
  "fields": {
    "time": "2019-05-01T21:34:03.577Z",
    "session": 82,
    "_visited_element": 18,
    "description": null
  }
},
{
  "model": "service_development.callsessionstep",
  "pk": 244,
  "fields": {
    "time": "2019-05-01T21:34:12.663Z",
    "session": 82,
    "_visited_element": 23,
    "description": null
  }
},
{
  "model": "service_development.callsessionstep",
  "pk": 245,
  "fields": {
    "time": "2019-05-01T21:34:23.762Z",
    "session": 82,
    "_visited_element": 34,
    "description": null
  }
},
{
  "model": "service_development.callsessionstep",
  "pk": 246,
  "fields": {
    "time": "2019-05-01T21:36:10.721Z",
    "session": 83,
    "_visited_element": 10,
    "description": null
  }
},
{
  "model": "service_development.callsessionstep",
  "pk": 247,
  "fields": {
    "time": "2019-05-01T21:36:21.488Z",
    "session": 83,
    "_visited_element": 13,
    "description": null
  }
},
{
  "model": "service_development.callsessionstep",
  "pk": 248,
  "fields": {
    "time": "2019-05-01T21:36:28.552Z",
    "session": 83,
    "_visited_element": 18,
    "description": null
  }
},
{
  "model": "service_development.callsessionstep",
  "pk": 249,
  "fields": {
    "time": "2019-05-01T21:36:52.298Z",
    "session": 83,
    "_visited_element": 23,
    "description": null
  }
},
{
  "model": "service_development.callsessionstep",
  "pk": 250,
  "fields": {
    "time": "2019-05-01T21:37:22.874Z",
    "session": 83,
    "_visited_element": 34,
    "description": null
  }
},
{
  "model": "service_development.callsessionstep",
  "pk": 251,
  "fields": {
    "time": "2019-05-01T21:37:47.691Z",
    "session": 84,
    "_visited_element": 10,
    "description": null
  }
},
{
  "model": "service_development.callsessionstep",
  "pk": 252,
  "fields": {
    "time": "2019-05-01T21:37:56.053Z",
    "session": 84,
    "_visited_element": 13,
    "description": null
  }
},
{
  "model": "service_development.callsessionstep",
  "pk": 253,
  "fields": {
    "time": "2019-05-01T21:38:04.710Z",
    "session": 84,
    "_visited_element": 18,
    "description": null
  }
},
{
  "model": "service_development.callsessionstep",
  "pk": 254,
  "fields": {
    "time": "2019-05-01T21:38:11.763Z",
    "session": 84,
    "_visited_element": 23,
    "description": null
  }
},
{
  "model": "service_development.callsessionstep",
  "pk": 255,
  "fields": {
    "time": "2019-05-01T21:38:21.831Z",
    "session": 84,
    "_visited_element": 34,
    "description": null
  }
},
{
  "model": "service_development.callsessionstep",
  "pk": 256,
  "fields": {
    "time": "2019-05-01T21:39:22.130Z",
    "session": 85,
    "_visited_element": 10,
    "description": null
  }
},
{
  "model": "service_development.callsessionstep",
  "pk": 257,
  "fields": {
    "time": "2019-05-01T21:39:22.252Z",
    "session": 85,
    "_visited_element": 12,
    "description": null
  }
},
{
  "model": "service_development.callsessionstep",
  "pk": 258,
  "fields": {
    "time": "2019-05-01T21:40:00.067Z",
    "session": 86,
    "_visited_element": 10,
    "description": null
  }
},
{
  "model": "service_development.callsessionstep",
  "pk": 259,
  "fields": {
    "time": "2019-05-01T21:40:00.176Z",
    "session": 86,
    "_visited_element": 12,
    "description": null
  }
},
{
  "model": "service_development.callsessionstep",
  "pk": 260,
  "fields": {
    "time": "2019-05-01T21:40:23.400Z",
    "session": 86,
    "_visited_element": 13,
    "description": null
  }
},
{
  "model": "service_development.callsessionstep",
  "pk": 261,
  "fields": {
    "time": "2019-05-01T21:40:25.075Z",
    "session": 86,
    "_visited_element": 18,
    "description": null
  }
},
{
  "model": "service_development.callsessionstep",
  "pk": 262,
  "fields": {
    "time": "2019-05-01T21:40:51.249Z",
    "session": 86,
    "_visited_element": 23,
    "description": null
  }
},
{
  "model": "service_development.callsessionstep",
  "pk": 263,
  "fields": {
    "time": "2019-05-01T21:41:25.616Z",
    "session": 86,
    "_visited_element": 18,
    "description": null
  }
},
{
  "model": "service_development.callsessionstep",
  "pk": 264,
  "fields": {
    "time": "2019-05-01T21:41:35.471Z",
    "session": 86,
    "_visited_element": 31,
    "description": null
  }
},
{
  "model": "service_development.callsessionstep",
  "pk": 265,
  "fields": {
    "time": "2019-05-01T21:42:06.200Z",
    "session": 86,
    "_visited_element": 34,
    "description": null
  }
},
{
  "model": "service_development.callsessionstep",
  "pk": 266,
  "fields": {
    "time": "2019-05-01T21:42:25.916Z",
    "session": 86,
    "_visited_element": 35,
    "description": null
  }
},
{
  "model": "service_development.callsessionstep",
  "pk": 267,
  "fields": {
    "time": "2019-05-01T21:42:48.514Z",
    "session": 86,
    "_visited_element": 63,
    "description": null
  }
},
{
  "model": "service_development.choice",
  "pk": 2,
  "fields": {}
},
{
  "model": "service_development.choice",
  "pk": 18,
  "fields": {}
},
{
  "model": "service_development.choice",
  "pk": 23,
  "fields": {}
},
{
  "model": "service_development.choice",
  "pk": 31,
  "fields": {}
},
{
  "model": "service_development.choice",
  "pk": 32,
  "fields": {}
},
{
  "model": "service_development.choice",
  "pk": 33,
  "fields": {}
},
{
  "model": "service_development.choice",
  "pk": 34,
  "fields": {}
},
{
  "model": "service_development.choice",
  "pk": 35,
  "fields": {}
},
{
  "model": "service_development.choiceoption",
  "pk": 3,
  "fields": {
    "parent": 2,
    "_redirect": 5
  }
},
{
  "model": "service_development.choiceoption",
  "pk": 4,
  "fields": {
    "parent": 2,
    "_redirect": 7
  }
},
{
  "model": "service_development.choiceoption",
  "pk": 19,
  "fields": {
    "parent": 18,
    "_redirect": 23
  }
},
{
  "model": "service_development.choiceoption",
  "pk": 20,
  "fields": {
    "parent": 18,
    "_redirect": 31
  }
},
{
  "model": "service_development.choiceoption",
  "pk": 21,
  "fields": {
    "parent": 18,
    "_redirect": 32
  }
},
{
  "model": "service_development.choiceoption",
  "pk": 22,
  "fields": {
    "parent": 18,
    "_redirect": 33
  }
},
{
  "model": "service_development.choiceoption",
  "pk": 24,
  "fields": {
    "parent": 23,
    "_redirect": 34
  }
},
{
  "model": "service_development.choiceoption",
  "pk": 25,
  "fields": {
    "parent": 23,
    "_redirect": 34
  }
},
{
  "model": "service_development.choiceoption",
  "pk": 26,
  "fields": {
    "parent": 23,
    "_redirect": 34
  }
},
{
  "model": "service_development.choiceoption",
  "pk": 27,
  "fields": {
    "parent": 23,
    "_redirect": 34
  }
},
{
  "model": "service_development.choiceoption",
  "pk": 28,
  "fields": {
    "parent": 23,
    "_redirect": 34
  }
},
{
  "model": "service_development.choiceoption",
  "pk": 29,
  "fields": {
    "parent": 23,
    "_redirect": 34
  }
},
{
  "model": "service_development.choiceoption",
  "pk": 30,
  "fields": {
    "parent": 23,
    "_redirect": 34
  }
},
{
  "model": "service_development.choiceoption",
  "pk": 36,
  "fields": {
    "parent": 31,
    "_redirect": 34
  }
},
{
  "model": "service_development.choiceoption",
  "pk": 37,
  "fields": {
    "parent": 31,
    "_redirect": 34
  }
},
{
  "model": "service_development.choiceoption",
  "pk": 38,
  "fields": {
    "parent": 31,
    "_redirect": 34
  }
},
{
  "model": "service_development.choiceoption",
  "pk": 39,
  "fields": {
    "parent": 31,
    "_redirect": 34
  }
},
{
  "model": "service_development.choiceoption",
  "pk": 40,
  "fields": {
    "parent": 31,
    "_redirect": 34
  }
},
{
  "model": "service_development.choiceoption",
  "pk": 41,
  "fields": {
    "parent": 31,
    "_redirect": 34
  }
},
{
  "model": "service_development.choiceoption",
  "pk": 42,
  "fields": {
    "parent": 31,
    "_redirect": 34
  }
},
{
  "model": "service_development.choiceoption",
  "pk": 43,
  "fields": {
    "parent": 32,
    "_redirect": 34
  }
},
{
  "model": "service_development.choiceoption",
  "pk": 44,
  "fields": {
    "parent": 32,
    "_redirect": 34
  }
},
{
  "model": "service_development.choiceoption",
  "pk": 45,
  "fields": {
    "parent": 32,
    "_redirect": 34
  }
},
{
  "model": "service_development.choiceoption",
  "pk": 46,
  "fields": {
    "parent": 32,
    "_redirect": 34
  }
},
{
  "model": "service_development.choiceoption",
  "pk": 47,
  "fields": {
    "parent": 32,
    "_redirect": 34
  }
},
{
  "model": "service_development.choiceoption",
  "pk": 48,
  "fields": {
    "parent": 32,
    "_redirect": 34
  }
},
{
  "model": "service_development.choiceoption",
  "pk": 49,
  "fields": {
    "parent": 33,
    "_redirect": 34
  }
},
{
  "model": "service_development.choiceoption",
  "pk": 50,
  "fields": {
    "parent": 33,
    "_redirect": 34
  }
},
{
  "model": "service_development.choiceoption",
  "pk": 51,
  "fields": {
    "parent": 33,
    "_redirect": 34
  }
},
{
  "model": "service_development.choiceoption",
  "pk": 52,
  "fields": {
    "parent": 33,
    "_redirect": 34
  }
},
{
  "model": "service_development.choiceoption",
  "pk": 53,
  "fields": {
    "parent": 33,
    "_redirect": 34
  }
},
{
  "model": "service_development.choiceoption",
  "pk": 54,
  "fields": {
    "parent": 33,
    "_redirect": 34
  }
},
{
  "model": "service_development.choiceoption",
  "pk": 55,
  "fields": {
    "parent": 33,
    "_redirect": 34
  }
},
{
  "model": "service_development.choiceoption",
  "pk": 56,
  "fields": {
    "parent": 34,
    "_redirect": 35
  }
},
{
  "model": "service_development.choiceoption",
  "pk": 57,
  "fields": {
    "parent": 34,
    "_redirect": 35
  }
},
{
  "model": "service_development.choiceoption",
  "pk": 59,
  "fields": {
    "parent": 35,
    "_redirect": 63
  }
},
{
  "model": "service_development.choiceoption",
  "pk": 60,
  "fields": {
    "parent": 35,
    "_redirect": 63
  }
},
{
  "model": "service_development.choiceoption",
  "pk": 61,
  "fields": {
    "parent": 35,
    "_redirect": 63
  }
},
{
  "model": "service_development.choiceoption",
  "pk": 62,
  "fields": {
    "parent": 35,
    "_redirect": 63
  }
},
{
  "model": "service_development.choiceoption",
  "pk": 64,
  "fields": {
    "parent": 23,
    "_redirect": 18
  }
},
{
  "model": "service_development.choiceoption",
  "pk": 65,
  "fields": {
    "parent": 31,
    "_redirect": 18
  }
},
{
  "model": "service_development.choiceoption",
  "pk": 66,
  "fields": {
    "parent": 32,
    "_redirect": 18
  }
},
{
  "model": "service_development.choiceoption",
  "pk": 67,
  "fields": {
    "parent": 33,
    "_redirect": 18
  }
},
{
  "model": "service_development.choiceoption",
  "pk": 68,
  "fields": {
    "parent": 35,
    "_redirect": 15
  }
},
{
  "model": "service_development.choiceoption",
  "pk": 69,
  "fields": {
    "parent": 34,
    "_redirect": 35
  }
},
{
  "model": "service_development.messagepresentation",
  "pk": 5,
  "fields": {
    "final_element": false,
    "_redirect": 6
  }
},
{
  "model": "service_development.messagepresentation",
  "pk": 6,
  "fields": {
    "final_element": true,
    "_redirect": null
  }
},
{
  "model": "service_development.messagepresentation",
  "pk": 7,
  "fields": {
    "final_element": false,
    "_redirect": 6
  }
},
{
  "model": "service_development.messagepresentation",
  "pk": 10,
  "fields": {
    "final_element": false,
    "_redirect": 12
  }
},
{
  "model": "service_development.messagepresentation",
  "pk": 11,
  "fields": {
    "final_element": false,
    "_redirect": 12
  }
},
{
  "model": "service_development.messagepresentation",
  "pk": 13,
  "fields": {
    "final_element": false,
    "_redirect": 18
  }
},
{
  "model": "service_development.messagepresentation",
  "pk": 14,
  "fields": {
    "final_element": false,
    "_redirect": 6
  }
},
{
  "model": "service_development.messagepresentation",
  "pk": 15,
  "fields": {
    "final_element": false,
    "_redirect": 14
  }
},
{
  "model": "service_development.messagepresentation",
  "pk": 16,
  "fields": {
    "final_element": false,
    "_redirect": 17
  }
},
{
  "model": "service_development.messagepresentation",
  "pk": 17,
  "fields": {
    "final_element": false,
    "_redirect": 15
  }
},
{
  "model": "service_development.messagepresentation",
  "pk": 63,
  "fields": {
    "final_element": true,
    "_redirect": null
  }
},
{
  "model": "service_development.userinputcategory",
  "pk": 1,
  "fields": {
    "name": "name_input",
    "description": null,
    "service": 3
  }
},
{
  "model": "service_development.spokenuserinput",
  "pk": 5,
  "fields": {
    "audio": "uploads/recording_49_12.wav",
    "time": "2019-05-01T19:58:11.691Z",
    "session": 49,
    "category": 1,
    "description": null
  }
},
{
  "model": "service_development.spokenuserinput",
  "pk": 6,
  "fields": {
    "audio": "uploads/recording_50_12.wav",
    "time": "2019-05-01T19:59:37.290Z",
    "session": 50,
    "category": 1,
    "description": null
  }
},
{
  "model": "service_development.spokenuserinput",
  "pk": 7,
  "fields": {
    "audio": "uploads/recording_52_12.wav",
    "time": "2019-05-01T20:06:44.686Z",
    "session": 52,
    "category": 1,
    "description": null
  }
},
{
  "model": "service_development.spokenuserinput",
  "pk": 8,
  "fields": {
    "audio": "uploads/recording_53_12.wav",
    "time": "2019-05-01T20:07:43.102Z",
    "session": 53,
    "category": 1,
    "description": null
  }
},
{
  "model": "service_development.spokenuserinput",
  "pk": 9,
  "fields": {
    "audio": "uploads/recording_54_12.wav",
    "time": "2019-05-01T20:08:28.715Z",
    "session": 54,
    "category": 1,
    "description": null
  }
},
{
  "model": "service_development.spokenuserinput",
  "pk": 10,
  "fields": {
    "audio": "uploads/recording_55_12.wav",
    "time": "2019-05-01T20:09:39.786Z",
    "session": 55,
    "category": 1,
    "description": null
  }
},
{
  "model": "service_development.spokenuserinput",
  "pk": 11,
  "fields": {
    "audio": "uploads/recording_56_12.wav",
    "time": "2019-05-01T20:10:56.851Z",
    "session": 56,
    "category": 1,
    "description": null
  }
},
{
  "model": "service_development.spokenuserinput",
  "pk": 12,
  "fields": {
    "audio": "uploads/recording_63_12.wav",
    "time": "2019-05-01T20:31:25.320Z",
    "session": 63,
    "category": 1,
    "description": null
  }
},
{
  "model": "service_development.spokenuserinput",
  "pk": 13,
  "fields": {
    "audio": "uploads/recording_65_12.wav",
    "time": "2019-05-01T20:34:53.216Z",
    "session": 65,
    "category": 1,
    "description": null
  }
},
{
  "model": "service_development.spokenuserinput",
  "pk": 14,
  "fields": {
    "audio": "uploads/recording_67_12.wav",
    "time": "2019-05-01T20:37:06.511Z",
    "session": 67,
    "category": 1,
    "description": null
  }
},
{
  "model": "service_development.spokenuserinput",
  "pk": 15,
  "fields": {
    "audio": "uploads/recording_68_12.wav",
    "time": "2019-05-01T20:41:53.795Z",
    "session": 68,
    "category": 1,
    "description": null
  }
},
{
  "model": "service_development.spokenuserinput",
  "pk": 16,
  "fields": {
    "audio": "uploads/recording_74_12.wav",
    "time": "2019-05-01T20:50:18.178Z",
    "session": 74,
    "category": 1,
    "description": null
  }
},
{
  "model": "service_development.spokenuserinput",
  "pk": 17,
  "fields": {
    "audio": "uploads/recording_77_12.wav",
    "time": "2019-05-01T20:57:05.221Z",
    "session": 77,
    "category": 1,
    "description": null
  }
},
{
  "model": "service_development.spokenuserinput",
  "pk": 18,
  "fields": {
    "audio": "uploads/recording_79_12.wav",
    "time": "2019-05-01T20:59:37.391Z",
    "session": 79,
    "category": 1,
    "description": null
  }
},
{
  "model": "service_development.spokenuserinput",
  "pk": 19,
  "fields": {
    "audio": "uploads/recording_80_12.wav",
    "time": "2019-05-01T21:20:46.249Z",
    "session": 80,
    "category": 1,
    "description": null
  }
},
{
  "model": "service_development.spokenuserinput",
  "pk": 20,
  "fields": {
    "audio": "uploads/recording_81_12.wav",
    "time": "2019-05-01T21:30:05.867Z",
    "session": 81,
    "category": 1,
    "description": null
  }
},
{
  "model": "service_development.spokenuserinput",
  "pk": 21,
  "fields": {
    "audio": "uploads/recording_82_12.wav",
    "time": "2019-05-01T21:33:29.618Z",
    "session": 82,
    "category": 1,
    "description": null
  }
},
{
  "model": "service_development.spokenuserinput",
  "pk": 22,
  "fields": {
    "audio": "uploads/recording_83_12.wav",
    "time": "2019-05-01T21:36:21.429Z",
    "session": 83,
    "category": 1,
    "description": null
  }
},
{
  "model": "service_development.spokenuserinput",
  "pk": 23,
  "fields": {
    "audio": "uploads/recording_84_12.wav",
    "time": "2019-05-01T21:37:56.014Z",
    "session": 84,
    "category": 1,
    "description": null
  }
},
{
  "model": "service_development.spokenuserinput",
  "pk": 24,
  "fields": {
    "audio": "uploads/recording_86_12.wav",
    "time": "2019-05-01T21:40:23.335Z",
    "session": 86,
    "category": 1,
    "description": null
  }
},
{
  "model": "service_development.record",
  "pk": 12,
  "fields": {
    "not_heard_voice_label": 72,
    "repeat_recording_to_caller": true,
    "repeat_voice_label": 75,
    "ask_confirmation": true,
    "ask_confirmation_voice_label": 76,
    "final_voice_label": 77,
    "input_category": 1,
    "max_time_input": 180,
    "_redirect": 13
  }
},
{
  "model": "auth.user",
  "pk": 1,
  "fields": {
    "password": "pbkdf2_sha256$100000$SlqfUvkkAclZ$dM0kEBJC0urN26Bh+yjyEefX76aeinQOLXW+/mbJjFg=",
    "last_login": "2019-05-01T16:55:37.794Z",
    "is_superuser": true,
    "username": "jeff",
    "first_name": "",
    "last_name": "",
    "email": "",
    "is_staff": true,
    "is_active": true,
    "date_joined": "2019-04-15T18:30:01.830Z",
    "groups": [],
    "user_permissions": []
  }
},
{
  "model": "auth.user",
  "pk": 2,
  "fields": {
    "password": "pbkdf2_sha256$100000$t4da854UIN8w$+5ih7CKjbPGYSC1/G1/rGZDVnE4L3s5vtPLEdc19800=",
    "last_login": "2019-05-01T20:30:56.260Z",
    "is_superuser": true,
    "username": "miguel",
    "first_name": "",
    "last_name": "",
    "email": "",
    "is_staff": true,
    "is_active": true,
    "date_joined": "2019-04-15T18:30:31.090Z",
    "groups": [],
    "user_permissions": []
  }
},
{
  "model": "auth.user",
  "pk": 3,
  "fields": {
    "password": "pbkdf2_sha256$100000$t9nMhua1GFAW$5viqrqfzIZCEy0N+DvdupCGEIX6esOmGkvKM4i1V1Hs=",
    "last_login": "2019-05-01T18:43:58.872Z",
    "is_superuser": true,
    "username": "ersin",
    "first_name": "",
    "last_name": "",
    "email": "",
    "is_staff": true,
    "is_active": true,
    "date_joined": "2019-04-15T18:30:54.161Z",
    "groups": [],
    "user_permissions": []
  }
},
{
  "model": "sessions.session",
  "pk": "2myhoqkn42vfguu02zxv8eatxoa0cntw",
  "fields": {
    "session_data": "NDA4MzY2ZWUzMWJiNmMxMzUyYTI5ZGI1MzhkMTFkZGNjNDI4ZTYzYjp7Il9hdXRoX3VzZXJfaWQiOiIzIiwiX2F1dGhfdXNlcl9iYWNrZW5kIjoiZGphbmdvLmNvbnRyaWIuYXV0aC5iYWNrZW5kcy5Nb2RlbEJhY2tlbmQiLCJfYXV0aF91c2VyX2hhc2giOiJhZGI0ZWE0Yjg5YTU0ZWRhZWUyNTZiMWZkOTk2OTQyMWM3ODhmZGFjIn0=",
    "expire_date": "2019-05-13T21:26:58.216Z"
  }
},
{
  "model": "sessions.session",
  "pk": "3pzruhx34b35w7mqy4194igvr99uk9tx",
  "fields": {
    "session_data": "Mjk3YjkwYTg4MTU1NDcwNDdkMjgwOTQ5NzBhMjI3NzU3YTdlMTA2MTp7Il9hdXRoX3VzZXJfaWQiOiIxIiwiX2F1dGhfdXNlcl9iYWNrZW5kIjoiZGphbmdvLmNvbnRyaWIuYXV0aC5iYWNrZW5kcy5Nb2RlbEJhY2tlbmQiLCJfYXV0aF91c2VyX2hhc2giOiIxNDIwMjMxZTcxZjk2OGY3YmNiMjgxYTA3OThhNDIzNzY3ZDFkMWZmIn0=",
    "expire_date": "2019-05-10T13:03:24.572Z"
  }
},
{
  "model": "sessions.session",
  "pk": "5391k8ruzuxbaxllnu5gpy05gqodclzy",
  "fields": {
    "session_data": "Mjk3YjkwYTg4MTU1NDcwNDdkMjgwOTQ5NzBhMjI3NzU3YTdlMTA2MTp7Il9hdXRoX3VzZXJfaWQiOiIxIiwiX2F1dGhfdXNlcl9iYWNrZW5kIjoiZGphbmdvLmNvbnRyaWIuYXV0aC5iYWNrZW5kcy5Nb2RlbEJhY2tlbmQiLCJfYXV0aF91c2VyX2hhc2giOiIxNDIwMjMxZTcxZjk2OGY3YmNiMjgxYTA3OThhNDIzNzY3ZDFkMWZmIn0=",
    "expire_date": "2019-05-15T16:55:37.801Z"
  }
},
{
  "model": "sessions.session",
  "pk": "5sf5kojvm1if5ucth4kqp8etdj8mavfg",
  "fields": {
    "session_data": "Mjk3YjkwYTg4MTU1NDcwNDdkMjgwOTQ5NzBhMjI3NzU3YTdlMTA2MTp7Il9hdXRoX3VzZXJfaWQiOiIxIiwiX2F1dGhfdXNlcl9iYWNrZW5kIjoiZGphbmdvLmNvbnRyaWIuYXV0aC5iYWNrZW5kcy5Nb2RlbEJhY2tlbmQiLCJfYXV0aF91c2VyX2hhc2giOiIxNDIwMjMxZTcxZjk2OGY3YmNiMjgxYTA3OThhNDIzNzY3ZDFkMWZmIn0=",
    "expire_date": "2019-04-29T18:31:18.648Z"
  }
},
{
  "model": "sessions.session",
  "pk": "b05lpi1mip7eveok0wgjaxrp9znc70hp",
  "fields": {
    "session_data": "NDA4MzY2ZWUzMWJiNmMxMzUyYTI5ZGI1MzhkMTFkZGNjNDI4ZTYzYjp7Il9hdXRoX3VzZXJfaWQiOiIzIiwiX2F1dGhfdXNlcl9iYWNrZW5kIjoiZGphbmdvLmNvbnRyaWIuYXV0aC5iYWNrZW5kcy5Nb2RlbEJhY2tlbmQiLCJfYXV0aF91c2VyX2hhc2giOiJhZGI0ZWE0Yjg5YTU0ZWRhZWUyNTZiMWZkOTk2OTQyMWM3ODhmZGFjIn0=",
    "expire_date": "2019-05-15T18:43:58.876Z"
  }
},
{
  "model": "sessions.session",
  "pk": "cm0vxilokncv6ik33hwrw23casg5vrd8",
  "fields": {
    "session_data": "Mjk3YjkwYTg4MTU1NDcwNDdkMjgwOTQ5NzBhMjI3NzU3YTdlMTA2MTp7Il9hdXRoX3VzZXJfaWQiOiIxIiwiX2F1dGhfdXNlcl9iYWNrZW5kIjoiZGphbmdvLmNvbnRyaWIuYXV0aC5iYWNrZW5kcy5Nb2RlbEJhY2tlbmQiLCJfYXV0aF91c2VyX2hhc2giOiIxNDIwMjMxZTcxZjk2OGY3YmNiMjgxYTA3OThhNDIzNzY3ZDFkMWZmIn0=",
    "expire_date": "2019-05-13T18:32:50.114Z"
  }
},
{
  "model": "sessions.session",
  "pk": "dvxa759sm6npe20gpnb2e0ey25iz2cwu",
  "fields": {
    "session_data": "YWJhMzkyNWI5NWIwYjlkMjA2NzM2OGIxMmQxMTdlOTk1ZjFjNWFmYTp7Il9hdXRoX3VzZXJfaWQiOiIyIiwiX2F1dGhfdXNlcl9iYWNrZW5kIjoiZGphbmdvLmNvbnRyaWIuYXV0aC5iYWNrZW5kcy5Nb2RlbEJhY2tlbmQiLCJfYXV0aF91c2VyX2hhc2giOiJmYmNmNjI3ZjUyODg3OGM3M2RmN2U1NTU0MmM4Y2Q5YzU5ZGRiYzFmIn0=",
    "expire_date": "2019-05-01T09:07:38.348Z"
  }
},
{
  "model": "sessions.session",
  "pk": "i77pggy81cn0br33mvyse6vosky1zfus",
  "fields": {
    "session_data": "NDA4MzY2ZWUzMWJiNmMxMzUyYTI5ZGI1MzhkMTFkZGNjNDI4ZTYzYjp7Il9hdXRoX3VzZXJfaWQiOiIzIiwiX2F1dGhfdXNlcl9iYWNrZW5kIjoiZGphbmdvLmNvbnRyaWIuYXV0aC5iYWNrZW5kcy5Nb2RlbEJhY2tlbmQiLCJfYXV0aF91c2VyX2hhc2giOiJhZGI0ZWE0Yjg5YTU0ZWRhZWUyNTZiMWZkOTk2OTQyMWM3ODhmZGFjIn0=",
    "expire_date": "2019-04-29T18:35:51.404Z"
  }
},
{
  "model": "sessions.session",
  "pk": "jyezbx9ybjvmnbay2wgmicay654ei7uc",
  "fields": {
    "session_data": "Mjk3YjkwYTg4MTU1NDcwNDdkMjgwOTQ5NzBhMjI3NzU3YTdlMTA2MTp7Il9hdXRoX3VzZXJfaWQiOiIxIiwiX2F1dGhfdXNlcl9iYWNrZW5kIjoiZGphbmdvLmNvbnRyaWIuYXV0aC5iYWNrZW5kcy5Nb2RlbEJhY2tlbmQiLCJfYXV0aF91c2VyX2hhc2giOiIxNDIwMjMxZTcxZjk2OGY3YmNiMjgxYTA3OThhNDIzNzY3ZDFkMWZmIn0=",
    "expire_date": "2019-05-14T09:37:27.021Z"
  }
},
{
  "model": "sessions.session",
  "pk": "q5keet07gva9jj21a10hq6rjvojybz2m",
  "fields": {
    "session_data": "YWJhMzkyNWI5NWIwYjlkMjA2NzM2OGIxMmQxMTdlOTk1ZjFjNWFmYTp7Il9hdXRoX3VzZXJfaWQiOiIyIiwiX2F1dGhfdXNlcl9iYWNrZW5kIjoiZGphbmdvLmNvbnRyaWIuYXV0aC5iYWNrZW5kcy5Nb2RlbEJhY2tlbmQiLCJfYXV0aF91c2VyX2hhc2giOiJmYmNmNjI3ZjUyODg3OGM3M2RmN2U1NTU0MmM4Y2Q5YzU5ZGRiYzFmIn0=",
    "expire_date": "2019-05-15T20:30:56.264Z"
  }
},
{
  "model": "admin.logentry",
  "pk": 1,
  "fields": {
    "action_time": "2019-04-17T18:23:22.780Z",
    "user": [
      "jeff"
    ],
    "content_type": [
      "service_development",
      "voiceservice"
    ],
    "object_id": "1",
    "object_repr": "Voice Service: King's truth checker",
    "action_flag": 2,
    "change_message": "[{\"changed\": {\"fields\": [\"active\"]}}]"
  }
},
{
  "model": "admin.logentry",
  "pk": 2,
  "fields": {
    "action_time": "2019-04-24T17:16:51.680Z",
    "user": [
      "jeff"
    ],
    "content_type": [
      "service_development",
      "callsession"
    ],
    "object_id": "1",
    "object_repr": "111 (04/24/2019 5:09 p.m.)",
    "action_flag": 3,
    "change_message": ""
  }
},
{
  "model": "admin.logentry",
  "pk": 3,
  "fields": {
    "action_time": "2019-04-24T17:21:51.869Z",
    "user": [
      "jeff"
    ],
    "content_type": [
      "service_development",
      "callsession"
    ],
    "object_id": "3",
    "object_repr": "112 (04/24/2019 5:19 p.m.)",
    "action_flag": 3,
    "change_message": ""
  }
},
{
  "model": "admin.logentry",
  "pk": 4,
  "fields": {
    "action_time": "2019-04-24T17:23:02.049Z",
    "user": [
      "jeff"
    ],
    "content_type": [
      "service_development",
      "callsession"
    ],
    "object_id": "4",
    "object_repr": "112 (04/24/2019 5:22 p.m.)",
    "action_flag": 3,
    "change_message": ""
  }
},
{
  "model": "admin.logentry",
  "pk": 5,
  "fields": {
    "action_time": "2019-04-24T17:24:09.428Z",
    "user": [
      "jeff"
    ],
    "content_type": [
      "service_development",
      "callsession"
    ],
    "object_id": "5",
    "object_repr": "112 (04/24/2019 5:23 p.m.)",
    "action_flag": 3,
    "change_message": ""
  }
},
{
  "model": "admin.logentry",
  "pk": 6,
  "fields": {
    "action_time": "2019-04-24T17:25:16.963Z",
    "user": [
      "jeff"
    ],
    "content_type": [
      "service_development",
      "callsession"
    ],
    "object_id": "6",
    "object_repr": "112 (04/24/2019 5:24 p.m.)",
    "action_flag": 3,
    "change_message": ""
  }
},
{
  "model": "admin.logentry",
  "pk": 7,
  "fields": {
    "action_time": "2019-04-24T17:27:44.372Z",
    "user": [
      "jeff"
    ],
    "content_type": [
      "service_development",
      "callsession"
    ],
    "object_id": "9",
    "object_repr": "112 (04/24/2019 5:27 p.m.)",
    "action_flag": 3,
    "change_message": ""
  }
},
{
  "model": "admin.logentry",
  "pk": 8,
  "fields": {
    "action_time": "2019-04-24T17:27:44.378Z",
    "user": [
      "jeff"
    ],
    "content_type": [
      "service_development",
      "callsession"
    ],
    "object_id": "8",
    "object_repr": "None (04/24/2019 5:26 p.m.)",
    "action_flag": 3,
    "change_message": ""
  }
},
{
  "model": "admin.logentry",
  "pk": 9,
  "fields": {
    "action_time": "2019-04-24T17:27:44.382Z",
    "user": [
      "jeff"
    ],
    "content_type": [
      "service_development",
      "callsession"
    ],
    "object_id": "7",
    "object_repr": "112 (04/24/2019 5:25 p.m.)",
    "action_flag": 3,
    "change_message": ""
  }
},
{
  "model": "admin.logentry",
  "pk": 10,
  "fields": {
    "action_time": "2019-04-24T17:28:17.866Z",
    "user": [
      "jeff"
    ],
    "content_type": [
      "service_development",
      "kasadakauser"
    ],
    "object_id": "3",
    "object_repr": "112",
    "action_flag": 3,
    "change_message": ""
  }
},
{
  "model": "admin.logentry",
  "pk": 11,
  "fields": {
    "action_time": "2019-04-24T17:28:37.721Z",
    "user": [
      "jeff"
    ],
    "content_type": [
      "service_development",
      "callsession"
    ],
    "object_id": "10",
    "object_repr": "112 (04/24/2019 5:28 p.m.)",
    "action_flag": 3,
    "change_message": ""
  }
},
{
  "model": "admin.logentry",
  "pk": 12,
  "fields": {
    "action_time": "2019-04-24T17:38:53.248Z",
    "user": [
      "jeff"
    ],
    "content_type": [
      "service_development",
      "voiceservice"
    ],
    "object_id": "2",
    "object_repr": "Voice Service: Caspar",
    "action_flag": 1,
    "change_message": "[{\"added\": {}}]"
  }
},
{
  "model": "admin.logentry",
  "pk": 13,
  "fields": {
    "action_time": "2019-04-24T17:48:30.968Z",
    "user": [
      "jeff"
    ],
    "content_type": [
      "service_development",
      "callsession"
    ],
    "object_id": "12",
    "object_repr": "222 (04/24/2019 5:42 p.m.)",
    "action_flag": 3,
    "change_message": ""
  }
},
{
  "model": "admin.logentry",
  "pk": 14,
  "fields": {
    "action_time": "2019-04-24T17:48:43.991Z",
    "user": [
      "jeff"
    ],
    "content_type": [
      "service_development",
      "kasadakauser"
    ],
    "object_id": "5",
    "object_repr": "222",
    "action_flag": 3,
    "change_message": ""
  }
},
{
  "model": "admin.logentry",
  "pk": 15,
  "fields": {
    "action_time": "2019-04-24T18:13:34.415Z",
    "user": [
      "jeff"
    ],
    "content_type": [
      "service_development",
      "messagepresentation"
    ],
    "object_id": "8",
    "object_repr": "Message: Welcome to Caspar",
    "action_flag": 1,
    "change_message": "[{\"added\": {}}]"
  }
},
{
  "model": "admin.logentry",
  "pk": 16,
  "fields": {
    "action_time": "2019-04-24T18:14:35.948Z",
    "user": [
      "jeff"
    ],
    "content_type": [
      "service_development",
      "messagepresentation"
    ],
    "object_id": "9",
    "object_repr": "Message: Please identify yourself after the beep.",
    "action_flag": 1,
    "change_message": "[{\"added\": {}}]"
  }
},
{
  "model": "admin.logentry",
  "pk": 17,
  "fields": {
    "action_time": "2019-04-24T18:14:44.997Z",
    "user": [
      "jeff"
    ],
    "content_type": [
      "service_development",
      "messagepresentation"
    ],
    "object_id": "8",
    "object_repr": "Message: Welcome to Caspar",
    "action_flag": 2,
    "change_message": "[{\"changed\": {\"fields\": [\"_redirect\"]}}]"
  }
},
{
  "model": "admin.logentry",
  "pk": 18,
  "fields": {
    "action_time": "2019-04-24T18:14:51.351Z",
    "user": [
      "jeff"
    ],
    "content_type": [
      "service_development",
      "messagepresentation"
    ],
    "object_id": "8",
    "object_repr": "Message: Welcome to Caspar",
    "action_flag": 2,
    "change_message": "[]"
  }
},
{
  "model": "admin.logentry",
  "pk": 19,
  "fields": {
    "action_time": "2019-04-29T18:32:52.835Z",
    "user": [
      "jeff"
    ],
    "content_type": [
      "service_development",
      "voiceservice"
    ],
    "object_id": "2",
    "object_repr": "Voice Service: Caspar",
    "action_flag": 3,
    "change_message": ""
  }
},
{
  "model": "admin.logentry",
  "pk": 20,
  "fields": {
    "action_time": "2019-04-29T19:53:28.601Z",
    "user": [
      "jeff"
    ],
    "content_type": [
      "service_development",
      "voiceservice"
    ],
    "object_id": "3",
    "object_repr": "Voice Service: Caspar",
    "action_flag": 1,
    "change_message": "[{\"added\": {}}]"
  }
},
{
  "model": "admin.logentry",
  "pk": 21,
  "fields": {
    "action_time": "2019-04-29T19:56:00.486Z",
    "user": [
      "jeff"
    ],
    "content_type": [
      "service_development",
      "messagepresentation"
    ],
    "object_id": "10",
    "object_repr": "Message: Welcome to Caspar",
    "action_flag": 1,
    "change_message": "[{\"added\": {}}]"
  }
},
{
  "model": "admin.logentry",
  "pk": 22,
  "fields": {
    "action_time": "2019-04-29T19:56:36.960Z",
    "user": [
      "jeff"
    ],
    "content_type": [
      "service_development",
      "voicelabel"
    ],
    "object_id": "26",
    "object_repr": "Voice Label: Welcome to Caspar",
    "action_flag": 1,
    "change_message": "[{\"added\": {}}, {\"added\": {\"name\": \"Voice Fragment\", \"object\": \"Voice Fragment: (English) Welcome to Caspar\"}}]"
  }
},
{
  "model": "admin.logentry",
  "pk": 23,
  "fields": {
    "action_time": "2019-04-29T19:58:16.670Z",
    "user": [
      "jeff"
    ],
    "content_type": [
      "service_development",
      "voicelabel"
    ],
    "object_id": "27",
    "object_repr": "Voice Label: Identify yourself",
    "action_flag": 1,
    "change_message": "[{\"added\": {}}, {\"added\": {\"name\": \"Voice Fragment\", \"object\": \"Voice Fragment: (English) Identify yourself\"}}]"
  }
},
{
  "model": "admin.logentry",
  "pk": 24,
  "fields": {
    "action_time": "2019-04-29T19:59:07.456Z",
    "user": [
      "jeff"
    ],
    "content_type": [
      "service_development",
      "voicelabel"
    ],
    "object_id": "28",
    "object_repr": "Voice Label: Profile start",
    "action_flag": 1,
    "change_message": "[{\"added\": {}}, {\"added\": {\"name\": \"Voice Fragment\", \"object\": \"Voice Fragment: (English) Profile start\"}}]"
  }
},
{
  "model": "admin.logentry",
  "pk": 25,
  "fields": {
    "action_time": "2019-04-29T19:59:31.704Z",
    "user": [
      "jeff"
    ],
    "content_type": [
      "service_development",
      "voicelabel"
    ],
    "object_id": "29",
    "object_repr": "Voice Label: Provide crop size",
    "action_flag": 1,
    "change_message": "[{\"added\": {}}]"
  }
},
{
  "model": "admin.logentry",
  "pk": 26,
  "fields": {
    "action_time": "2019-04-29T20:00:05.638Z",
    "user": [
      "jeff"
    ],
    "content_type": [
      "service_development",
      "voicelabel"
    ],
    "object_id": "30",
    "object_repr": "Voice Label: Provide crop",
    "action_flag": 1,
    "change_message": "[{\"added\": {}}, {\"added\": {\"name\": \"Voice Fragment\", \"object\": \"Voice Fragment: (English) Provide crop\"}}]"
  }
},
{
  "model": "admin.logentry",
  "pk": 27,
  "fields": {
    "action_time": "2019-04-29T20:00:46.932Z",
    "user": [
      "jeff"
    ],
    "content_type": [
      "service_development",
      "voicelabel"
    ],
    "object_id": "31",
    "object_repr": "Voice Label: Select Region",
    "action_flag": 1,
    "change_message": "[{\"added\": {}}, {\"added\": {\"name\": \"Voice Fragment\", \"object\": \"Voice Fragment: (English) Select Region\"}}]"
  }
},
{
  "model": "admin.logentry",
  "pk": 28,
  "fields": {
    "action_time": "2019-04-29T20:01:30.228Z",
    "user": [
      "jeff"
    ],
    "content_type": [
      "service_development",
      "voiceservice"
    ],
    "object_id": "3",
    "object_repr": "Voice Service: Caspar",
    "action_flag": 2,
    "change_message": "[{\"changed\": {\"fields\": [\"_start_element\"]}}]"
  }
},
{
  "model": "admin.logentry",
  "pk": 29,
  "fields": {
    "action_time": "2019-04-29T20:02:53.839Z",
    "user": [
      "jeff"
    ],
    "content_type": [
      "service_development",
      "messagepresentation"
    ],
    "object_id": "10",
    "object_repr": "Message: Welcome to Caspar",
    "action_flag": 2,
    "change_message": "[{\"changed\": {\"fields\": [\"voice_label\"]}}]"
  }
},
{
  "model": "admin.logentry",
  "pk": 30,
  "fields": {
    "action_time": "2019-04-29T20:03:20.695Z",
    "user": [
      "jeff"
    ],
    "content_type": [
      "service_development",
      "messagepresentation"
    ],
    "object_id": "11",
    "object_repr": "Message: Identify yourself",
    "action_flag": 1,
    "change_message": "[{\"added\": {}}]"
  }
},
{
  "model": "admin.logentry",
  "pk": 31,
  "fields": {
    "action_time": "2019-04-29T20:03:26.535Z",
    "user": [
      "jeff"
    ],
    "content_type": [
      "service_development",
      "messagepresentation"
    ],
    "object_id": "10",
    "object_repr": "Message: Welcome to Caspar",
    "action_flag": 2,
    "change_message": "[{\"changed\": {\"fields\": [\"_redirect\"]}}]"
  }
},
{
  "model": "admin.logentry",
  "pk": 32,
  "fields": {
    "action_time": "2019-04-29T20:06:59.068Z",
    "user": [
      "jeff"
    ],
    "content_type": [
      "service_development",
      "messagepresentation"
    ],
    "object_id": "11",
    "object_repr": "Message: Identify yourself",
    "action_flag": 2,
    "change_message": "[{\"changed\": {\"fields\": [\"final_element\"]}}]"
  }
},
{
  "model": "admin.logentry",
  "pk": 33,
  "fields": {
    "action_time": "2019-04-29T20:07:46.905Z",
    "user": [
      "jeff"
    ],
    "content_type": [
      "service_development",
      "voiceservice"
    ],
    "object_id": "3",
    "object_repr": "Voice Service: Caspar",
    "action_flag": 2,
    "change_message": "[{\"changed\": {\"fields\": [\"registration\"]}}]"
  }
},
{
  "model": "admin.logentry",
  "pk": 34,
  "fields": {
    "action_time": "2019-04-29T20:10:07.467Z",
    "user": [
      "jeff"
    ],
    "content_type": [
      "service_development",
      "record"
    ],
    "object_id": "12",
    "object_repr": "Record: Name",
    "action_flag": 1,
    "change_message": "[{\"added\": {}}]"
  }
},
{
  "model": "admin.logentry",
  "pk": 35,
  "fields": {
    "action_time": "2019-04-29T20:11:40.854Z",
    "user": [
      "jeff"
    ],
    "content_type": [
      "service_development",
      "record"
    ],
    "object_id": "12",
    "object_repr": "Record: Name",
    "action_flag": 2,
    "change_message": "[{\"changed\": {\"fields\": [\"_redirect\"]}}]"
  }
},
{
  "model": "admin.logentry",
  "pk": 36,
  "fields": {
    "action_time": "2019-04-29T20:11:54.513Z",
    "user": [
      "jeff"
    ],
    "content_type": [
      "service_development",
      "messagepresentation"
    ],
    "object_id": "11",
    "object_repr": "Message: Identify yourself",
    "action_flag": 2,
    "change_message": "[{\"changed\": {\"fields\": [\"_redirect\"]}}]"
  }
},
{
  "model": "admin.logentry",
  "pk": 37,
  "fields": {
    "action_time": "2019-04-29T20:14:15.093Z",
    "user": [
      "jeff"
    ],
    "content_type": [
      "service_development",
      "messagepresentation"
    ],
    "object_id": "13",
    "object_repr": "Message: Profile start",
    "action_flag": 1,
    "change_message": "[{\"added\": {}}]"
  }
},
{
  "model": "admin.logentry",
  "pk": 38,
  "fields": {
    "action_time": "2019-04-29T20:14:29.307Z",
    "user": [
      "jeff"
    ],
    "content_type": [
      "service_development",
      "messagepresentation"
    ],
    "object_id": "14",
    "object_repr": "Message: Provide crop",
    "action_flag": 1,
    "change_message": "[{\"added\": {}}]"
  }
},
{
  "model": "admin.logentry",
  "pk": 39,
  "fields": {
    "action_time": "2019-04-29T20:14:47.109Z",
    "user": [
      "jeff"
    ],
    "content_type": [
      "service_development",
      "messagepresentation"
    ],
    "object_id": "15",
    "object_repr": "Message: Provide crop size",
    "action_flag": 1,
    "change_message": "[{\"added\": {}}]"
  }
},
{
  "model": "admin.logentry",
  "pk": 40,
  "fields": {
    "action_time": "2019-04-29T20:15:53.033Z",
    "user": [
      "jeff"
    ],
    "content_type": [
      "service_development",
      "messagepresentation"
    ],
    "object_id": "16",
    "object_repr": "Message: Select Region",
    "action_flag": 1,
    "change_message": "[{\"added\": {}}]"
  }
},
{
  "model": "admin.logentry",
  "pk": 41,
  "fields": {
    "action_time": "2019-04-29T20:16:12.461Z",
    "user": [
      "jeff"
    ],
    "content_type": [
      "service_development",
      "messagepresentation"
    ],
    "object_id": "17",
    "object_repr": "Message: Select village",
    "action_flag": 1,
    "change_message": "[{\"added\": {}}]"
  }
},
{
  "model": "admin.logentry",
  "pk": 42,
  "fields": {
    "action_time": "2019-04-29T20:17:09.281Z",
    "user": [
      "jeff"
    ],
    "content_type": [
      "service_development",
      "voicelabel"
    ],
    "object_id": "32",
    "object_repr": "Voice Label: Select village",
    "action_flag": 1,
    "change_message": "[{\"added\": {}}, {\"added\": {\"name\": \"Voice Fragment\", \"object\": \"Voice Fragment: (English) Select village\"}}]"
  }
},
{
  "model": "admin.logentry",
  "pk": 43,
  "fields": {
    "action_time": "2019-04-29T20:17:21.464Z",
    "user": [
      "jeff"
    ],
    "content_type": [
      "service_development",
      "messagepresentation"
    ],
    "object_id": "16",
    "object_repr": "Message: Select Region",
    "action_flag": 2,
    "change_message": "[{\"changed\": {\"fields\": [\"_redirect\"]}}]"
  }
},
{
  "model": "admin.logentry",
  "pk": 44,
  "fields": {
    "action_time": "2019-04-29T20:18:06.247Z",
    "user": [
      "jeff"
    ],
    "content_type": [
      "service_development",
      "messagepresentation"
    ],
    "object_id": "17",
    "object_repr": "Message: Select Village",
    "action_flag": 2,
    "change_message": "[{\"changed\": {\"fields\": [\"name\", \"voice_label\", \"_redirect\"]}}]"
  }
},
{
  "model": "admin.logentry",
  "pk": 45,
  "fields": {
    "action_time": "2019-04-29T20:18:18.922Z",
    "user": [
      "jeff"
    ],
    "content_type": [
      "service_development",
      "messagepresentation"
    ],
    "object_id": "15",
    "object_repr": "Message: Provide crop size",
    "action_flag": 2,
    "change_message": "[{\"changed\": {\"fields\": [\"_redirect\"]}}]"
  }
},
{
  "model": "admin.logentry",
  "pk": 46,
  "fields": {
    "action_time": "2019-04-29T20:18:50.100Z",
    "user": [
      "jeff"
    ],
    "content_type": [
      "service_development",
      "voicelabel"
    ],
    "object_id": "29",
    "object_repr": "Voice Label: Provide crop size",
    "action_flag": 2,
    "change_message": "[{\"added\": {\"name\": \"Voice Fragment\", \"object\": \"Voice Fragment: (English) Provide crop size\"}}]"
  }
},
{
  "model": "admin.logentry",
  "pk": 47,
  "fields": {
    "action_time": "2019-04-29T20:19:18.997Z",
    "user": [
      "jeff"
    ],
    "content_type": [
      "service_development",
      "messagepresentation"
    ],
    "object_id": "14",
    "object_repr": "Message: Provide crop",
    "action_flag": 2,
    "change_message": "[{\"changed\": {\"fields\": [\"_redirect\", \"final_element\"]}}]"
  }
},
{
  "model": "admin.logentry",
  "pk": 48,
  "fields": {
    "action_time": "2019-04-29T20:20:17.190Z",
    "user": [
      "jeff"
    ],
    "content_type": [
      "service_development",
      "messagepresentation"
    ],
    "object_id": "13",
    "object_repr": "Message: Profile start",
    "action_flag": 2,
    "change_message": "[{\"changed\": {\"fields\": [\"_redirect\"]}}]"
  }
},
{
  "model": "admin.logentry",
  "pk": 49,
  "fields": {
    "action_time": "2019-04-29T20:20:29.311Z",
    "user": [
      "jeff"
    ],
    "content_type": [
      "service_development",
      "messagepresentation"
    ],
    "object_id": "11",
    "object_repr": "Message: Identify yourself",
    "action_flag": 2,
    "change_message": "[{\"changed\": {\"fields\": [\"_redirect\"]}}]"
  }
},
{
  "model": "admin.logentry",
  "pk": 50,
  "fields": {
    "action_time": "2019-04-29T20:21:08.286Z",
    "user": [
      "jeff"
    ],
    "content_type": [
      "service_development",
      "messagepresentation"
    ],
    "object_id": "11",
    "object_repr": "Message: Identify yourself",
    "action_flag": 2,
    "change_message": "[{\"changed\": {\"fields\": [\"final_element\"]}}]"
  }
},
{
  "model": "admin.logentry",
  "pk": 51,
  "fields": {
    "action_time": "2019-04-29T20:24:49.773Z",
    "user": [
      "jeff"
    ],
    "content_type": [
      "service_development",
      "messagepresentation"
    ],
    "object_id": "14",
    "object_repr": "Message: Provide crop",
    "action_flag": 2,
    "change_message": "[{\"changed\": {\"fields\": [\"final_element\"]}}]"
  }
},
{
  "model": "admin.logentry",
  "pk": 52,
  "fields": {
    "action_time": "2019-04-29T20:51:32.837Z",
    "user": [
      "jeff"
    ],
    "content_type": [
      "service_development",
      "record"
    ],
    "object_id": "12",
    "object_repr": "Record: Name",
    "action_flag": 2,
    "change_message": "[{\"changed\": {\"fields\": [\"not_heard_voice_label\"]}}]"
  }
},
{
  "model": "admin.logentry",
  "pk": 53,
  "fields": {
    "action_time": "2019-04-29T20:51:48.789Z",
    "user": [
      "jeff"
    ],
    "content_type": [
      "service_development",
      "messagepresentation"
    ],
    "object_id": "11",
    "object_repr": "Message: Identify yourself",
    "action_flag": 2,
    "change_message": "[{\"changed\": {\"fields\": [\"_redirect\"]}}]"
  }
},
{
  "model": "admin.logentry",
  "pk": 54,
  "fields": {
    "action_time": "2019-04-29T20:53:52.740Z",
    "user": [
      "jeff"
    ],
    "content_type": [
      "service_development",
      "messagepresentation"
    ],
    "object_id": "11",
    "object_repr": "Message: Identify yourself",
    "action_flag": 2,
    "change_message": "[{\"changed\": {\"fields\": [\"_redirect\"]}}]"
  }
},
{
  "model": "admin.logentry",
  "pk": 55,
  "fields": {
    "action_time": "2019-05-01T17:14:43.876Z",
    "user": [
      "jeff"
    ],
    "content_type": [
      "service_development",
      "voicelabel"
    ],
    "object_id": "33",
    "object_repr": "Voice Label: Region Kayes",
    "action_flag": 1,
    "change_message": "[{\"added\": {}}, {\"added\": {\"name\": \"Voice Fragment\", \"object\": \"Voice Fragment: (English) Region Kayes\"}}]"
  }
},
{
  "model": "admin.logentry",
  "pk": 56,
  "fields": {
    "action_time": "2019-05-01T17:16:20.210Z",
    "user": [
      "jeff"
    ],
    "content_type": [
      "service_development",
      "voicelabel"
    ],
    "object_id": "34",
    "object_repr": "Voice Label: Village Bafoulabe",
    "action_flag": 1,
    "change_message": "[{\"added\": {}}, {\"added\": {\"name\": \"Voice Fragment\", \"object\": \"Voice Fragment: (English) Village Bafoulabe\"}}]"
  }
},
{
  "model": "admin.logentry",
  "pk": 57,
  "fields": {
    "action_time": "2019-05-01T17:16:34.818Z",
    "user": [
      "jeff"
    ],
    "content_type": [
      "service_development",
      "voicelabel"
    ],
    "object_id": "35",
    "object_repr": "Voice Label: Village Diema",
    "action_flag": 1,
    "change_message": "[{\"added\": {}}, {\"added\": {\"name\": \"Voice Fragment\", \"object\": \"Voice Fragment: (English) Village Diema\"}}]"
  }
},
{
  "model": "admin.logentry",
  "pk": 58,
  "fields": {
    "action_time": "2019-05-01T17:16:57.499Z",
    "user": [
      "jeff"
    ],
    "content_type": [
      "service_development",
      "voicelabel"
    ],
    "object_id": "36",
    "object_repr": "Voice Label: Village Kayes",
    "action_flag": 1,
    "change_message": "[{\"added\": {}}]"
  }
},
{
  "model": "admin.logentry",
  "pk": 59,
  "fields": {
    "action_time": "2019-05-01T17:17:29.130Z",
    "user": [
      "jeff"
    ],
    "content_type": [
      "service_development",
      "voicelabel"
    ],
    "object_id": "37",
    "object_repr": "Voice Label: Village Kayes Kenieba",
    "action_flag": 1,
    "change_message": "[{\"added\": {}}]"
  }
},
{
  "model": "admin.logentry",
  "pk": 60,
  "fields": {
    "action_time": "2019-05-01T17:17:33.820Z",
    "user": [
      "jeff"
    ],
    "content_type": [
      "service_development",
      "voicelabel"
    ],
    "object_id": "36",
    "object_repr": "Voice Label: Village Kayes Kayes",
    "action_flag": 2,
    "change_message": "[{\"changed\": {\"fields\": [\"name\"]}}]"
  }
},
{
  "model": "admin.logentry",
  "pk": 61,
  "fields": {
    "action_time": "2019-05-01T17:17:37.694Z",
    "user": [
      "jeff"
    ],
    "content_type": [
      "service_development",
      "voicelabel"
    ],
    "object_id": "35",
    "object_repr": "Voice Label: Village Kayes Diema",
    "action_flag": 2,
    "change_message": "[{\"changed\": {\"fields\": [\"name\"]}}]"
  }
},
{
  "model": "admin.logentry",
  "pk": 62,
  "fields": {
    "action_time": "2019-05-01T17:17:42.230Z",
    "user": [
      "jeff"
    ],
    "content_type": [
      "service_development",
      "voicelabel"
    ],
    "object_id": "34",
    "object_repr": "Voice Label: Village Kayes Bafoulabe",
    "action_flag": 2,
    "change_message": "[{\"changed\": {\"fields\": [\"name\"]}}]"
  }
},
{
  "model": "admin.logentry",
  "pk": 63,
  "fields": {
    "action_time": "2019-05-01T17:17:58.091Z",
    "user": [
      "jeff"
    ],
    "content_type": [
      "service_development",
      "voicelabel"
    ],
    "object_id": "38",
    "object_repr": "Voice Label: Village Kayes Kita",
    "action_flag": 1,
    "change_message": "[{\"added\": {}}, {\"added\": {\"name\": \"Voice Fragment\", \"object\": \"Voice Fragment: (English) Village Kayes Kita\"}}]"
  }
},
{
  "model": "admin.logentry",
  "pk": 64,
  "fields": {
    "action_time": "2019-05-01T17:18:08.968Z",
    "user": [
      "jeff"
    ],
    "content_type": [
      "service_development",
      "voicelabel"
    ],
    "object_id": "36",
    "object_repr": "Voice Label: Village Kayes Kayes",
    "action_flag": 2,
    "change_message": "[{\"added\": {\"name\": \"Voice Fragment\", \"object\": \"Voice Fragment: (English) Village Kayes Kayes\"}}]"
  }
},
{
  "model": "admin.logentry",
  "pk": 65,
  "fields": {
    "action_time": "2019-05-01T17:18:26.707Z",
    "user": [
      "jeff"
    ],
    "content_type": [
      "service_development",
      "voicelabel"
    ],
    "object_id": "37",
    "object_repr": "Voice Label: Village Kayes Kenieba",
    "action_flag": 2,
    "change_message": "[{\"added\": {\"name\": \"Voice Fragment\", \"object\": \"Voice Fragment: (English) Village Kayes Kenieba\"}}]"
  }
},
{
  "model": "admin.logentry",
  "pk": 66,
  "fields": {
    "action_time": "2019-05-01T17:19:01.050Z",
    "user": [
      "jeff"
    ],
    "content_type": [
      "service_development",
      "voicelabel"
    ],
    "object_id": "39",
    "object_repr": "Voice Label: Village Kayes Nioro",
    "action_flag": 1,
    "change_message": "[{\"added\": {}}, {\"added\": {\"name\": \"Voice Fragment\", \"object\": \"Voice Fragment: (English) Village Kayes Nioro\"}}]"
  }
},
{
  "model": "admin.logentry",
  "pk": 67,
  "fields": {
    "action_time": "2019-05-01T17:19:15.062Z",
    "user": [
      "jeff"
    ],
    "content_type": [
      "service_development",
      "voicelabel"
    ],
    "object_id": "40",
    "object_repr": "Voice Label: Village Kayes Yelimane",
    "action_flag": 1,
    "change_message": "[{\"added\": {}}, {\"added\": {\"name\": \"Voice Fragment\", \"object\": \"Voice Fragment: (English) Village Kayes Yelimane\"}}]"
  }
},
{
  "model": "admin.logentry",
  "pk": 68,
  "fields": {
    "action_time": "2019-05-01T17:19:43.823Z",
    "user": [
      "jeff"
    ],
    "content_type": [
      "service_development",
      "voicelabel"
    ],
    "object_id": "41",
    "object_repr": "Voice Label: Region Koulikoro",
    "action_flag": 1,
    "change_message": "[{\"added\": {}}, {\"added\": {\"name\": \"Voice Fragment\", \"object\": \"Voice Fragment: (English) Region Koulikoro\"}}]"
  }
},
{
  "model": "admin.logentry",
  "pk": 69,
  "fields": {
    "action_time": "2019-05-01T17:19:58.161Z",
    "user": [
      "jeff"
    ],
    "content_type": [
      "service_development",
      "voicelabel"
    ],
    "object_id": "42",
    "object_repr": "Voice Label: Village Koulikoro Banamba",
    "action_flag": 1,
    "change_message": "[{\"added\": {}}, {\"added\": {\"name\": \"Voice Fragment\", \"object\": \"Voice Fragment: (English) Village Koulikoro Banamba\"}}]"
  }
},
{
  "model": "admin.logentry",
  "pk": 70,
  "fields": {
    "action_time": "2019-05-01T17:20:18.168Z",
    "user": [
      "jeff"
    ],
    "content_type": [
      "service_development",
      "voicelabel"
    ],
    "object_id": "43",
    "object_repr": "Voice Label: Village Koulikoro Diola",
    "action_flag": 1,
    "change_message": "[{\"added\": {}}, {\"added\": {\"name\": \"Voice Fragment\", \"object\": \"Voice Fragment: (English) Village Koulikoro Diola\"}}]"
  }
},
{
  "model": "admin.logentry",
  "pk": 71,
  "fields": {
    "action_time": "2019-05-01T17:20:41.483Z",
    "user": [
      "jeff"
    ],
    "content_type": [
      "service_development",
      "voicelabel"
    ],
    "object_id": "44",
    "object_repr": "Voice Label: Village Koulikoro Kangaba",
    "action_flag": 1,
    "change_message": "[{\"added\": {}}, {\"added\": {\"name\": \"Voice Fragment\", \"object\": \"Voice Fragment: (English) Village Koulikoro Kangaba\"}}]"
  }
},
{
  "model": "admin.logentry",
  "pk": 72,
  "fields": {
    "action_time": "2019-05-01T17:21:40.135Z",
    "user": [
      "jeff"
    ],
    "content_type": [
      "service_development",
      "voicelabel"
    ],
    "object_id": "45",
    "object_repr": "Voice Label: Village Koulikoro Kati",
    "action_flag": 1,
    "change_message": "[{\"added\": {}}, {\"added\": {\"name\": \"Voice Fragment\", \"object\": \"Voice Fragment: (English) Village Koulikoro Kati\"}}]"
  }
},
{
  "model": "admin.logentry",
  "pk": 73,
  "fields": {
    "action_time": "2019-05-01T17:22:15.111Z",
    "user": [
      "jeff"
    ],
    "content_type": [
      "service_development",
      "voicelabel"
    ],
    "object_id": "46",
    "object_repr": "Voice Label: Village Koulikoro Kolokani",
    "action_flag": 1,
    "change_message": "[{\"added\": {}}, {\"added\": {\"name\": \"Voice Fragment\", \"object\": \"Voice Fragment: (English) Village Koulikoro Kolokani\"}}]"
  }
},
{
  "model": "admin.logentry",
  "pk": 74,
  "fields": {
    "action_time": "2019-05-01T17:22:49.872Z",
    "user": [
      "jeff"
    ],
    "content_type": [
      "service_development",
      "voicelabel"
    ],
    "object_id": "47",
    "object_repr": "Voice Label: Village Koulikoro Koulikoro",
    "action_flag": 1,
    "change_message": "[{\"added\": {}}, {\"added\": {\"name\": \"Voice Fragment\", \"object\": \"Voice Fragment: (English) Village Koulikoro Koulikoro\"}}]"
  }
},
{
  "model": "admin.logentry",
  "pk": 75,
  "fields": {
    "action_time": "2019-05-01T17:22:59.515Z",
    "user": [
      "jeff"
    ],
    "content_type": [
      "service_development",
      "voicelabel"
    ],
    "object_id": "48",
    "object_repr": "Voice Label: Village Koulikoro Nara",
    "action_flag": 1,
    "change_message": "[{\"added\": {}}]"
  }
},
{
  "model": "admin.logentry",
  "pk": 76,
  "fields": {
    "action_time": "2019-05-01T17:23:09.325Z",
    "user": [
      "jeff"
    ],
    "content_type": [
      "service_development",
      "voicelabel"
    ],
    "object_id": "48",
    "object_repr": "Voice Label: Village Koulikoro Nara",
    "action_flag": 2,
    "change_message": "[{\"added\": {\"name\": \"Voice Fragment\", \"object\": \"Voice Fragment: (English) Village Koulikoro Nara\"}}]"
  }
},
{
  "model": "admin.logentry",
  "pk": 77,
  "fields": {
    "action_time": "2019-05-01T17:24:14.871Z",
    "user": [
      "jeff"
    ],
    "content_type": [
      "service_development",
      "voicelabel"
    ],
    "object_id": "49",
    "object_repr": "Voice Label: Region Segou",
    "action_flag": 1,
    "change_message": "[{\"added\": {}}, {\"added\": {\"name\": \"Voice Fragment\", \"object\": \"Voice Fragment: (English) Region Segou\"}}]"
  }
},
{
  "model": "admin.logentry",
  "pk": 78,
  "fields": {
    "action_time": "2019-05-01T17:24:43.413Z",
    "user": [
      "jeff"
    ],
    "content_type": [
      "service_development",
      "voicelabel"
    ],
    "object_id": "50",
    "object_repr": "Voice Label: Village Segou Baroueli",
    "action_flag": 1,
    "change_message": "[{\"added\": {}}, {\"added\": {\"name\": \"Voice Fragment\", \"object\": \"Voice Fragment: (English) Village Segou Baroueli\"}}]"
  }
},
{
  "model": "admin.logentry",
  "pk": 79,
  "fields": {
    "action_time": "2019-05-01T17:24:57.053Z",
    "user": [
      "jeff"
    ],
    "content_type": [
      "service_development",
      "voicelabel"
    ],
    "object_id": "51",
    "object_repr": "Voice Label: Village Segou Macina",
    "action_flag": 1,
    "change_message": "[{\"added\": {}}, {\"added\": {\"name\": \"Voice Fragment\", \"object\": \"Voice Fragment: (English) Village Segou Macina\"}}]"
  }
},
{
  "model": "admin.logentry",
  "pk": 80,
  "fields": {
    "action_time": "2019-05-01T17:25:18.365Z",
    "user": [
      "jeff"
    ],
    "content_type": [
      "service_development",
      "voicelabel"
    ],
    "object_id": "52",
    "object_repr": "Voice Label: Village Segou Niono",
    "action_flag": 1,
    "change_message": "[{\"added\": {}}, {\"added\": {\"name\": \"Voice Fragment\", \"object\": \"Voice Fragment: (English) Village Segou Niono\"}}]"
  }
},
{
  "model": "admin.logentry",
  "pk": 81,
  "fields": {
    "action_time": "2019-05-01T17:25:33.377Z",
    "user": [
      "jeff"
    ],
    "content_type": [
      "service_development",
      "voicelabel"
    ],
    "object_id": "53",
    "object_repr": "Voice Label: Village Segou San",
    "action_flag": 1,
    "change_message": "[{\"added\": {}}, {\"added\": {\"name\": \"Voice Fragment\", \"object\": \"Voice Fragment: (English) Village Segou San\"}}]"
  }
},
{
  "model": "admin.logentry",
  "pk": 82,
  "fields": {
    "action_time": "2019-05-01T17:25:45.075Z",
    "user": [
      "jeff"
    ],
    "content_type": [
      "service_development",
      "voicelabel"
    ],
    "object_id": "54",
    "object_repr": "Voice Label: Village Segou Segou",
    "action_flag": 1,
    "change_message": "[{\"added\": {}}, {\"added\": {\"name\": \"Voice Fragment\", \"object\": \"Voice Fragment: (English) Village Segou Segou\"}}]"
  }
},
{
  "model": "admin.logentry",
  "pk": 83,
  "fields": {
    "action_time": "2019-05-01T17:26:27.647Z",
    "user": [
      "jeff"
    ],
    "content_type": [
      "service_development",
      "voicelabel"
    ],
    "object_id": "55",
    "object_repr": "Voice Label: Village Segou Tominian",
    "action_flag": 1,
    "change_message": "[{\"added\": {}}, {\"added\": {\"name\": \"Voice Fragment\", \"object\": \"Voice Fragment: (English) Village Segou Tominian\"}}]"
  }
},
{
  "model": "admin.logentry",
  "pk": 84,
  "fields": {
    "action_time": "2019-05-01T17:27:14.052Z",
    "user": [
      "jeff"
    ],
    "content_type": [
      "service_development",
      "voicelabel"
    ],
    "object_id": "56",
    "object_repr": "Voice Label: Region Sikasso",
    "action_flag": 1,
    "change_message": "[{\"added\": {}}, {\"added\": {\"name\": \"Voice Fragment\", \"object\": \"Voice Fragment: (English) Region Sikasso\"}}]"
  }
},
{
  "model": "admin.logentry",
  "pk": 85,
  "fields": {
    "action_time": "2019-05-01T17:27:29.730Z",
    "user": [
      "jeff"
    ],
    "content_type": [
      "service_development",
      "voicelabel"
    ],
    "object_id": "57",
    "object_repr": "Voice Label: Village Sikasso Bougouni",
    "action_flag": 1,
    "change_message": "[{\"added\": {}}, {\"added\": {\"name\": \"Voice Fragment\", \"object\": \"Voice Fragment: (English) Village Sikasso Bougouni\"}}]"
  }
},
{
  "model": "admin.logentry",
  "pk": 86,
  "fields": {
    "action_time": "2019-05-01T17:27:44.832Z",
    "user": [
      "jeff"
    ],
    "content_type": [
      "service_development",
      "voicelabel"
    ],
    "object_id": "58",
    "object_repr": "Voice Label: Village Sikasso Kadiola",
    "action_flag": 1,
    "change_message": "[{\"added\": {}}, {\"added\": {\"name\": \"Voice Fragment\", \"object\": \"Voice Fragment: (English) Village Sikasso Kadiola\"}}]"
  }
},
{
  "model": "admin.logentry",
  "pk": 87,
  "fields": {
    "action_time": "2019-05-01T17:28:04.357Z",
    "user": [
      "jeff"
    ],
    "content_type": [
      "service_development",
      "voicelabel"
    ],
    "object_id": "59",
    "object_repr": "Voice Label: Village Sikasso Kolondieba",
    "action_flag": 1,
    "change_message": "[{\"added\": {}}, {\"added\": {\"name\": \"Voice Fragment\", \"object\": \"Voice Fragment: (English) Village Sikasso Kolondieba\"}}]"
  }
},
{
  "model": "admin.logentry",
  "pk": 88,
  "fields": {
    "action_time": "2019-05-01T17:28:22.133Z",
    "user": [
      "jeff"
    ],
    "content_type": [
      "service_development",
      "voicelabel"
    ],
    "object_id": "60",
    "object_repr": "Voice Label: Village Sikasso Koutiala",
    "action_flag": 1,
    "change_message": "[{\"added\": {}}, {\"added\": {\"name\": \"Voice Fragment\", \"object\": \"Voice Fragment: (English) Village Sikasso Koutiala\"}}]"
  }
},
{
  "model": "admin.logentry",
  "pk": 89,
  "fields": {
    "action_time": "2019-05-01T17:29:04.094Z",
    "user": [
      "jeff"
    ],
    "content_type": [
      "service_development",
      "voicelabel"
    ],
    "object_id": "61",
    "object_repr": "Voice Label: Village Sikasso Sikasso",
    "action_flag": 1,
    "change_message": "[{\"added\": {}}, {\"added\": {\"name\": \"Voice Fragment\", \"object\": \"Voice Fragment: (English) Village Sikasso Sikasso\"}}]"
  }
},
{
  "model": "admin.logentry",
  "pk": 90,
  "fields": {
    "action_time": "2019-05-01T17:29:15.935Z",
    "user": [
      "jeff"
    ],
    "content_type": [
      "service_development",
      "voicelabel"
    ],
    "object_id": "62",
    "object_repr": "Voice Label: Village Sikasso Yanfolida",
    "action_flag": 1,
    "change_message": "[{\"added\": {}}, {\"added\": {\"name\": \"Voice Fragment\", \"object\": \"Voice Fragment: (English) Village Sikasso Yanfolida\"}}]"
  }
},
{
  "model": "admin.logentry",
  "pk": 91,
  "fields": {
    "action_time": "2019-05-01T17:29:31.598Z",
    "user": [
      "jeff"
    ],
    "content_type": [
      "service_development",
      "voicelabel"
    ],
    "object_id": "63",
    "object_repr": "Voice Label: Village Sikasso Yorosso",
    "action_flag": 1,
    "change_message": "[{\"added\": {}}, {\"added\": {\"name\": \"Voice Fragment\", \"object\": \"Voice Fragment: (English) Village Sikasso Yorosso\"}}]"
  }
},
{
  "model": "admin.logentry",
  "pk": 92,
  "fields": {
    "action_time": "2019-05-01T17:30:57.494Z",
    "user": [
      "jeff"
    ],
    "content_type": [
      "service_development",
      "choice"
    ],
    "object_id": "18",
    "object_repr": "Choose Region",
    "action_flag": 1,
    "change_message": "[{\"added\": {}}, {\"added\": {\"name\": \"Voice Service\", \"object\": \"(Choose Region): Kayes\"}}, {\"added\": {\"name\": \"Voice Service\", \"object\": \"(Choose Region): Koulikoro\"}}, {\"added\": {\"name\": \"Voice Service\", \"object\": \"(Choose Region): Segou\"}}, {\"added\": {\"name\": \"Voice Service\", \"object\": \"(Choose Region): Sikasso\"}}]"
  }
},
{
  "model": "admin.logentry",
  "pk": 93,
  "fields": {
    "action_time": "2019-05-01T17:32:43.827Z",
    "user": [
      "jeff"
    ],
    "content_type": [
      "service_development",
      "choice"
    ],
    "object_id": "23",
    "object_repr": "Choose Village Region Kayes",
    "action_flag": 1,
    "change_message": "[{\"added\": {}}, {\"added\": {\"name\": \"Voice Service\", \"object\": \"(Choose Village Region Kayes): Bafoulabe\"}}, {\"added\": {\"name\": \"Voice Service\", \"object\": \"(Choose Village Region Kayes): Diema\"}}, {\"added\": {\"name\": \"Voice Service\", \"object\": \"(Choose Village Region Kayes): Kayes\"}}, {\"added\": {\"name\": \"Voice Service\", \"object\": \"(Choose Village Region Kayes): Keniaba\"}}, {\"added\": {\"name\": \"Voice Service\", \"object\": \"(Choose Village Region Kayes): Kita\"}}, {\"added\": {\"name\": \"Voice Service\", \"object\": \"(Choose Village Region Kayes): Nioro\"}}, {\"added\": {\"name\": \"Voice Service\", \"object\": \"(Choose Village Region Kayes): Yelimane\"}}]"
  }
},
{
  "model": "admin.logentry",
  "pk": 94,
  "fields": {
    "action_time": "2019-05-01T17:32:58.019Z",
    "user": [
      "jeff"
    ],
    "content_type": [
      "service_development",
      "choice"
    ],
    "object_id": "18",
    "object_repr": "Choose Region",
    "action_flag": 2,
    "change_message": "[{\"changed\": {\"name\": \"Voice Service\", \"object\": \"(Choose Region): Kayes\", \"fields\": [\"_redirect\"]}}]"
  }
},
{
  "model": "admin.logentry",
  "pk": 95,
  "fields": {
    "action_time": "2019-05-01T17:33:25.215Z",
    "user": [
      "jeff"
    ],
    "content_type": [
      "service_development",
      "choice"
    ],
    "object_id": "31",
    "object_repr": "Choose Village Region Koulikoro",
    "action_flag": 1,
    "change_message": "[{\"added\": {}}]"
  }
},
{
  "model": "admin.logentry",
  "pk": 96,
  "fields": {
    "action_time": "2019-05-01T17:33:35.627Z",
    "user": [
      "jeff"
    ],
    "content_type": [
      "service_development",
      "choice"
    ],
    "object_id": "32",
    "object_repr": "Choose Village Region Segou",
    "action_flag": 1,
    "change_message": "[{\"added\": {}}]"
  }
},
{
  "model": "admin.logentry",
  "pk": 97,
  "fields": {
    "action_time": "2019-05-01T17:33:46.303Z",
    "user": [
      "jeff"
    ],
    "content_type": [
      "service_development",
      "choice"
    ],
    "object_id": "33",
    "object_repr": "Choose Village Region Sikasso",
    "action_flag": 1,
    "change_message": "[{\"added\": {}}]"
  }
},
{
  "model": "admin.logentry",
  "pk": 98,
  "fields": {
    "action_time": "2019-05-01T17:34:01.414Z",
    "user": [
      "jeff"
    ],
    "content_type": [
      "service_development",
      "choice"
    ],
    "object_id": "18",
    "object_repr": "Choose Region",
    "action_flag": 2,
    "change_message": "[{\"changed\": {\"name\": \"Voice Service\", \"object\": \"(Choose Region): Koulikoro\", \"fields\": [\"_redirect\"]}}, {\"changed\": {\"name\": \"Voice Service\", \"object\": \"(Choose Region): Segou\", \"fields\": [\"_redirect\"]}}, {\"changed\": {\"name\": \"Voice Service\", \"object\": \"(Choose Region): Sikasso\", \"fields\": [\"_redirect\"]}}]"
  }
},
{
  "model": "admin.logentry",
  "pk": 99,
  "fields": {
    "action_time": "2019-05-01T17:34:45.107Z",
    "user": [
      "jeff"
    ],
    "content_type": [
      "service_development",
      "choice"
    ],
    "object_id": "34",
    "object_repr": "Provide crop size",
    "action_flag": 1,
    "change_message": "[{\"added\": {}}]"
  }
},
{
  "model": "admin.logentry",
  "pk": 100,
  "fields": {
    "action_time": "2019-05-01T17:35:01.349Z",
    "user": [
      "jeff"
    ],
    "content_type": [
      "service_development",
      "choice"
    ],
    "object_id": "35",
    "object_repr": "Provide crop",
    "action_flag": 1,
    "change_message": "[{\"added\": {}}]"
  }
},
{
  "model": "admin.logentry",
  "pk": 101,
  "fields": {
    "action_time": "2019-05-01T17:35:25.234Z",
    "user": [
      "jeff"
    ],
    "content_type": [
      "service_development",
      "choice"
    ],
    "object_id": "23",
    "object_repr": "Choose Village Region Kayes",
    "action_flag": 2,
    "change_message": "[{\"changed\": {\"name\": \"Voice Service\", \"object\": \"(Choose Village Region Kayes): Bafoulabe\", \"fields\": [\"_redirect\"]}}, {\"changed\": {\"name\": \"Voice Service\", \"object\": \"(Choose Village Region Kayes): Diema\", \"fields\": [\"_redirect\"]}}, {\"changed\": {\"name\": \"Voice Service\", \"object\": \"(Choose Village Region Kayes): Kayes\", \"fields\": [\"_redirect\"]}}, {\"changed\": {\"name\": \"Voice Service\", \"object\": \"(Choose Village Region Kayes): Keniaba\", \"fields\": [\"_redirect\"]}}, {\"changed\": {\"name\": \"Voice Service\", \"object\": \"(Choose Village Region Kayes): Kita\", \"fields\": [\"_redirect\"]}}, {\"changed\": {\"name\": \"Voice Service\", \"object\": \"(Choose Village Region Kayes): Nioro\", \"fields\": [\"_redirect\"]}}, {\"changed\": {\"name\": \"Voice Service\", \"object\": \"(Choose Village Region Kayes): Yelimane\", \"fields\": [\"_redirect\"]}}]"
  }
},
{
  "model": "admin.logentry",
  "pk": 102,
  "fields": {
    "action_time": "2019-05-01T17:37:09.261Z",
    "user": [
      "jeff"
    ],
    "content_type": [
      "service_development",
      "choice"
    ],
    "object_id": "31",
    "object_repr": "Choose Village Region Koulikoro",
    "action_flag": 2,
    "change_message": "[{\"added\": {\"name\": \"Voice Service\", \"object\": \"(Choose Village Region Koulikoro): Banamba\"}}, {\"added\": {\"name\": \"Voice Service\", \"object\": \"(Choose Village Region Koulikoro): Diola\"}}, {\"added\": {\"name\": \"Voice Service\", \"object\": \"(Choose Village Region Koulikoro): Kangaba\"}}, {\"added\": {\"name\": \"Voice Service\", \"object\": \"(Choose Village Region Koulikoro): Kati\"}}, {\"added\": {\"name\": \"Voice Service\", \"object\": \"(Choose Village Region Koulikoro): Kolokani\"}}, {\"added\": {\"name\": \"Voice Service\", \"object\": \"(Choose Village Region Koulikoro): Koulikoro\"}}, {\"added\": {\"name\": \"Voice Service\", \"object\": \"(Choose Village Region Koulikoro): Nara\"}}]"
  }
},
{
  "model": "admin.logentry",
  "pk": 103,
  "fields": {
    "action_time": "2019-05-01T17:37:24.608Z",
    "user": [
      "jeff"
    ],
    "content_type": [
      "service_development",
      "choice"
    ],
    "object_id": "31",
    "object_repr": "Choose Village Region Koulikoro",
    "action_flag": 2,
    "change_message": "[{\"changed\": {\"fields\": [\"voice_label\"]}}]"
  }
},
{
  "model": "admin.logentry",
  "pk": 104,
  "fields": {
    "action_time": "2019-05-01T17:38:56.840Z",
    "user": [
      "jeff"
    ],
    "content_type": [
      "service_development",
      "choice"
    ],
    "object_id": "32",
    "object_repr": "Choose Village Region Segou",
    "action_flag": 2,
    "change_message": "[{\"added\": {\"name\": \"Voice Service\", \"object\": \"(Choose Village Region Segou): Baroueli\"}}, {\"added\": {\"name\": \"Voice Service\", \"object\": \"(Choose Village Region Segou): Macina\"}}, {\"added\": {\"name\": \"Voice Service\", \"object\": \"(Choose Village Region Segou): Niono\"}}, {\"added\": {\"name\": \"Voice Service\", \"object\": \"(Choose Village Region Segou): San\"}}, {\"added\": {\"name\": \"Voice Service\", \"object\": \"(Choose Village Region Segou): Segou\"}}, {\"added\": {\"name\": \"Voice Service\", \"object\": \"(Choose Village Region Segou): Tominian\"}}]"
  }
},
{
  "model": "admin.logentry",
  "pk": 105,
  "fields": {
    "action_time": "2019-05-01T17:39:06.218Z",
    "user": [
      "jeff"
    ],
    "content_type": [
      "service_development",
      "choice"
    ],
    "object_id": "32",
    "object_repr": "Choose Village Region Segou",
    "action_flag": 2,
    "change_message": "[{\"changed\": {\"fields\": [\"voice_label\"]}}]"
  }
},
{
  "model": "admin.logentry",
  "pk": 106,
  "fields": {
    "action_time": "2019-05-01T17:40:57.159Z",
    "user": [
      "jeff"
    ],
    "content_type": [
      "service_development",
      "choice"
    ],
    "object_id": "33",
    "object_repr": "Choose Village Region Sikasso",
    "action_flag": 2,
    "change_message": "[{\"added\": {\"name\": \"Voice Service\", \"object\": \"(Choose Village Region Sikasso): Bougouni\"}}, {\"added\": {\"name\": \"Voice Service\", \"object\": \"(Choose Village Region Sikasso): Kadiola\"}}, {\"added\": {\"name\": \"Voice Service\", \"object\": \"(Choose Village Region Sikasso): Kolondieba\"}}, {\"added\": {\"name\": \"Voice Service\", \"object\": \"(Choose Village Region Sikasso): Koutiala\"}}, {\"added\": {\"name\": \"Voice Service\", \"object\": \"(Choose Village Region Sikasso): Sikasso\"}}, {\"added\": {\"name\": \"Voice Service\", \"object\": \"(Choose Village Region Sikasso): Yanfolida\"}}, {\"added\": {\"name\": \"Voice Service\", \"object\": \"(Choose Village Region Sikasso): Yorosso\"}}]"
  }
},
{
  "model": "admin.logentry",
  "pk": 107,
  "fields": {
    "action_time": "2019-05-01T17:41:14.518Z",
    "user": [
      "jeff"
    ],
    "content_type": [
      "service_development",
      "choice"
    ],
    "object_id": "33",
    "object_repr": "Choose Village Region Sikasso",
    "action_flag": 2,
    "change_message": "[{\"changed\": {\"fields\": [\"voice_label\"]}}]"
  }
},
{
  "model": "admin.logentry",
  "pk": 108,
  "fields": {
    "action_time": "2019-05-01T17:42:09.501Z",
    "user": [
      "jeff"
    ],
    "content_type": [
      "service_development",
      "choice"
    ],
    "object_id": "34",
    "object_repr": "Provide crop size",
    "action_flag": 2,
    "change_message": "[]"
  }
},
{
  "model": "admin.logentry",
  "pk": 109,
  "fields": {
    "action_time": "2019-05-01T17:42:17.790Z",
    "user": [
      "jeff"
    ],
    "content_type": [
      "service_development",
      "choice"
    ],
    "object_id": "34",
    "object_repr": "Provide crop size",
    "action_flag": 2,
    "change_message": "[{\"changed\": {\"fields\": [\"voice_label\"]}}]"
  }
},
{
  "model": "admin.logentry",
  "pk": 110,
  "fields": {
    "action_time": "2019-05-01T17:42:25.269Z",
    "user": [
      "jeff"
    ],
    "content_type": [
      "service_development",
      "choice"
    ],
    "object_id": "35",
    "object_repr": "Provide crop",
    "action_flag": 2,
    "change_message": "[{\"changed\": {\"fields\": [\"voice_label\"]}}]"
  }
},
{
  "model": "admin.logentry",
  "pk": 111,
  "fields": {
    "action_time": "2019-05-01T17:43:20.486Z",
    "user": [
      "jeff"
    ],
    "content_type": [
      "service_development",
      "voicelabel"
    ],
    "object_id": "64",
    "object_repr": "Voice Label: Acres 1 to 20",
    "action_flag": 1,
    "change_message": "[{\"added\": {}}, {\"added\": {\"name\": \"Voice Fragment\", \"object\": \"Voice Fragment: (English) Acres 1 to 20\"}}]"
  }
},
{
  "model": "admin.logentry",
  "pk": 112,
  "fields": {
    "action_time": "2019-05-01T17:43:33.689Z",
    "user": [
      "jeff"
    ],
    "content_type": [
      "service_development",
      "voicelabel"
    ],
    "object_id": "65",
    "object_repr": "Voice Label: Acres 21 to 40",
    "action_flag": 1,
    "change_message": "[{\"added\": {}}, {\"added\": {\"name\": \"Voice Fragment\", \"object\": \"Voice Fragment: (English) Acres 21 to 40\"}}]"
  }
},
{
  "model": "admin.logentry",
  "pk": 113,
  "fields": {
    "action_time": "2019-05-01T17:43:45.261Z",
    "user": [
      "jeff"
    ],
    "content_type": [
      "service_development",
      "voicelabel"
    ],
    "object_id": "66",
    "object_repr": "Voice Label: Acres 41 to 60",
    "action_flag": 1,
    "change_message": "[{\"added\": {}}, {\"added\": {\"name\": \"Voice Fragment\", \"object\": \"Voice Fragment: (English) Acres 41 to 60\"}}]"
  }
},
{
  "model": "admin.logentry",
  "pk": 114,
  "fields": {
    "action_time": "2019-05-01T17:44:25.211Z",
    "user": [
      "jeff"
    ],
    "content_type": [
      "service_development",
      "voicelabel"
    ],
    "object_id": "67",
    "object_repr": "Voice Label: Crop Cereals",
    "action_flag": 1,
    "change_message": "[{\"added\": {}}, {\"added\": {\"name\": \"Voice Fragment\", \"object\": \"Voice Fragment: (English) Crop Cereals\"}}]"
  }
},
{
  "model": "admin.logentry",
  "pk": 115,
  "fields": {
    "action_time": "2019-05-01T17:44:40.134Z",
    "user": [
      "jeff"
    ],
    "content_type": [
      "service_development",
      "voicelabel"
    ],
    "object_id": "68",
    "object_repr": "Voice Label: Crop Cucumber",
    "action_flag": 1,
    "change_message": "[{\"added\": {}}, {\"added\": {\"name\": \"Voice Fragment\", \"object\": \"Voice Fragment: (English) Crop Cucumber\"}}]"
  }
},
{
  "model": "admin.logentry",
  "pk": 116,
  "fields": {
    "action_time": "2019-05-01T17:45:02.191Z",
    "user": [
      "jeff"
    ],
    "content_type": [
      "service_development",
      "voicelabel"
    ],
    "object_id": "69",
    "object_repr": "Voice Label: Crop Parsley",
    "action_flag": 1,
    "change_message": "[{\"added\": {}}, {\"added\": {\"name\": \"Voice Fragment\", \"object\": \"Voice Fragment: (English) Crop Parsley\"}}]"
  }
},
{
  "model": "admin.logentry",
  "pk": 117,
  "fields": {
    "action_time": "2019-05-01T17:45:08.353Z",
    "user": [
      "jeff"
    ],
    "content_type": [
      "service_development",
      "voicelabel"
    ],
    "object_id": "70",
    "object_repr": "Voice Label: Crop Tomatoes",
    "action_flag": 1,
    "change_message": "[{\"added\": {}}]"
  }
},
{
  "model": "admin.logentry",
  "pk": 118,
  "fields": {
    "action_time": "2019-05-01T17:45:47.994Z",
    "user": [
      "jeff"
    ],
    "content_type": [
      "service_development",
      "choice"
    ],
    "object_id": "34",
    "object_repr": "Provide crop size",
    "action_flag": 2,
    "change_message": "[{\"added\": {\"name\": \"Voice Service\", \"object\": \"(Provide crop size): 1-20 acres\"}}, {\"added\": {\"name\": \"Voice Service\", \"object\": \"(Provide crop size): 21-40 acres\"}}, {\"added\": {\"name\": \"Voice Service\", \"object\": \"(Provide crop size): 41-60 acres\"}}]"
  }
},
{
  "model": "admin.logentry",
  "pk": 119,
  "fields": {
    "action_time": "2019-05-01T17:46:49.186Z",
    "user": [
      "jeff"
    ],
    "content_type": [
      "service_development",
      "choice"
    ],
    "object_id": "35",
    "object_repr": "Provide crop",
    "action_flag": 2,
    "change_message": "[{\"added\": {\"name\": \"Voice Service\", \"object\": \"(Provide crop): Cereal\"}}, {\"added\": {\"name\": \"Voice Service\", \"object\": \"(Provide crop): Cucumber\"}}, {\"added\": {\"name\": \"Voice Service\", \"object\": \"(Provide crop): Parsley\"}}, {\"added\": {\"name\": \"Voice Service\", \"object\": \"(Provide crop): Tomatoes\"}}]"
  }
},
{
  "model": "admin.logentry",
  "pk": 120,
  "fields": {
    "action_time": "2019-05-01T17:48:31.892Z",
    "user": [
      "jeff"
    ],
    "content_type": [
      "service_development",
      "voicelabel"
    ],
    "object_id": "71",
    "object_repr": "Voice Label: Thank You",
    "action_flag": 1,
    "change_message": "[{\"added\": {}}, {\"added\": {\"name\": \"Voice Fragment\", \"object\": \"Voice Fragment: (English) Thank You\"}}]"
  }
},
{
  "model": "admin.logentry",
  "pk": 121,
  "fields": {
    "action_time": "2019-05-01T17:49:25.985Z",
    "user": [
      "jeff"
    ],
    "content_type": [
      "service_development",
      "messagepresentation"
    ],
    "object_id": "63",
    "object_repr": "Message: Thank You",
    "action_flag": 1,
    "change_message": "[{\"added\": {}}]"
  }
},
{
  "model": "admin.logentry",
  "pk": 122,
  "fields": {
    "action_time": "2019-05-01T17:49:50.194Z",
    "user": [
      "jeff"
    ],
    "content_type": [
      "service_development",
      "choice"
    ],
    "object_id": "35",
    "object_repr": "Provide crop",
    "action_flag": 2,
    "change_message": "[{\"changed\": {\"name\": \"Voice Service\", \"object\": \"(Provide crop): Cereal\", \"fields\": [\"_redirect\"]}}, {\"changed\": {\"name\": \"Voice Service\", \"object\": \"(Provide crop): Cucumber\", \"fields\": [\"_redirect\"]}}, {\"changed\": {\"name\": \"Voice Service\", \"object\": \"(Provide crop): Parsley\", \"fields\": [\"_redirect\"]}}, {\"changed\": {\"name\": \"Voice Service\", \"object\": \"(Provide crop): Tomatoes\", \"fields\": [\"_redirect\"]}}]"
  }
},
{
  "model": "admin.logentry",
  "pk": 123,
  "fields": {
    "action_time": "2019-05-01T17:50:19.032Z",
    "user": [
      "jeff"
    ],
    "content_type": [
      "service_development",
      "voicelabel"
    ],
    "object_id": "70",
    "object_repr": "Voice Label: Crop Tomatoes",
    "action_flag": 2,
    "change_message": "[{\"added\": {\"name\": \"Voice Fragment\", \"object\": \"Voice Fragment: (English) Crop Tomatoes\"}}]"
  }
},
{
  "model": "admin.logentry",
  "pk": 124,
  "fields": {
    "action_time": "2019-05-01T17:52:16.359Z",
    "user": [
      "jeff"
    ],
    "content_type": [
      "service_development",
      "messagepresentation"
    ],
    "object_id": "13",
    "object_repr": "Message: Profile start",
    "action_flag": 2,
    "change_message": "[{\"changed\": {\"fields\": [\"_redirect\"]}}]"
  }
},
{
  "model": "admin.logentry",
  "pk": 125,
  "fields": {
    "action_time": "2019-05-01T17:56:16.451Z",
    "user": [
      "jeff"
    ],
    "content_type": [
      "service_development",
      "choice"
    ],
    "object_id": "35",
    "object_repr": "Choose Crop",
    "action_flag": 2,
    "change_message": "[{\"changed\": {\"fields\": [\"name\"]}}]"
  }
},
{
  "model": "admin.logentry",
  "pk": 126,
  "fields": {
    "action_time": "2019-05-01T17:56:26.986Z",
    "user": [
      "jeff"
    ],
    "content_type": [
      "service_development",
      "choice"
    ],
    "object_id": "34",
    "object_repr": "Choose Crop size",
    "action_flag": 2,
    "change_message": "[{\"changed\": {\"fields\": [\"name\"]}}]"
  }
},
{
  "model": "admin.logentry",
  "pk": 127,
  "fields": {
    "action_time": "2019-05-01T17:56:44.005Z",
    "user": [
      "jeff"
    ],
    "content_type": [
      "service_development",
      "choice"
    ],
    "object_id": "23",
    "object_repr": "Choose Village Region Kayes",
    "action_flag": 2,
    "change_message": "[{\"changed\": {\"name\": \"Voice Service\", \"object\": \"(Choose Village Region Kayes): Bafoulabe\", \"fields\": [\"_redirect\"]}}, {\"changed\": {\"name\": \"Voice Service\", \"object\": \"(Choose Village Region Kayes): Diema\", \"fields\": [\"_redirect\"]}}, {\"changed\": {\"name\": \"Voice Service\", \"object\": \"(Choose Village Region Kayes): Kayes\", \"fields\": [\"_redirect\"]}}]"
  }
},
{
  "model": "admin.logentry",
  "pk": 128,
  "fields": {
    "action_time": "2019-05-01T18:19:35.401Z",
    "user": [
      "jeff"
    ],
    "content_type": [
      "service_development",
      "choice"
    ],
    "object_id": "34",
    "object_repr": "Choose Crop size",
    "action_flag": 2,
    "change_message": "[{\"changed\": {\"name\": \"Voice Service\", \"object\": \"(Choose Crop size): 41-60 acres\", \"fields\": [\"voice_label\"]}}]"
  }
},
{
  "model": "admin.logentry",
  "pk": 129,
  "fields": {
    "action_time": "2019-05-01T18:49:39.377Z",
    "user": [
      "jeff"
    ],
    "content_type": [
      "service_development",
      "voicelabel"
    ],
    "object_id": "64",
    "object_repr": "Voice Label: Acres 1 to 20",
    "action_flag": 2,
    "change_message": "[{\"changed\": {\"name\": \"Voice Fragment\", \"object\": \"Voice Fragment: (English) Acres 1 to 20\", \"fields\": [\"audio\"]}}]"
  }
},
{
  "model": "admin.logentry",
  "pk": 130,
  "fields": {
    "action_time": "2019-05-01T18:54:15.242Z",
    "user": [
      "jeff"
    ],
    "content_type": [
      "service_development",
      "voicelabel"
    ],
    "object_id": "72",
    "object_repr": "Voice Label: No Response",
    "action_flag": 1,
    "change_message": "[{\"added\": {}}, {\"added\": {\"name\": \"Voice Fragment\", \"object\": \"Voice Fragment: (English) No Response\"}}]"
  }
},
{
  "model": "admin.logentry",
  "pk": 131,
  "fields": {
    "action_time": "2019-05-01T18:54:32.770Z",
    "user": [
      "jeff"
    ],
    "content_type": [
      "service_development",
      "voicelabel"
    ],
    "object_id": "73",
    "object_repr": "Voice Label: Still No Response",
    "action_flag": 1,
    "change_message": "[{\"added\": {}}, {\"added\": {\"name\": \"Voice Fragment\", \"object\": \"Voice Fragment: (English) Still No Response\"}}]"
  }
},
{
  "model": "admin.logentry",
  "pk": 132,
  "fields": {
    "action_time": "2019-05-01T18:56:17.020Z",
    "user": [
      "jeff"
    ],
    "content_type": [
      "service_development",
      "record"
    ],
    "object_id": "12",
    "object_repr": "Record: Name",
    "action_flag": 2,
    "change_message": "[{\"changed\": {\"fields\": [\"repeat_recording_to_caller\", \"ask_confirmation\"]}}]"
  }
},
{
  "model": "admin.logentry",
  "pk": 133,
  "fields": {
    "action_time": "2019-05-01T18:57:14.428Z",
    "user": [
      "jeff"
    ],
    "content_type": [
      "service_development",
      "record"
    ],
    "object_id": "12",
    "object_repr": "Record: Name",
    "action_flag": 2,
    "change_message": "[{\"changed\": {\"fields\": [\"_redirect\"]}}]"
  }
},
{
  "model": "admin.logentry",
  "pk": 134,
  "fields": {
    "action_time": "2019-05-01T18:57:28.512Z",
    "user": [
      "jeff"
    ],
    "content_type": [
      "service_development",
      "messagepresentation"
    ],
    "object_id": "11",
    "object_repr": "Message: Identify yourself",
    "action_flag": 2,
    "change_message": "[{\"changed\": {\"fields\": [\"_redirect\"]}}]"
  }
},
{
  "model": "admin.logentry",
  "pk": 135,
  "fields": {
    "action_time": "2019-05-01T19:01:30.472Z",
    "user": [
      "jeff"
    ],
    "content_type": [
      "service_development",
      "voicelabel"
    ],
    "object_id": "64",
    "object_repr": "Voice Label: Acres 1 to 20",
    "action_flag": 2,
    "change_message": "[{\"changed\": {\"name\": \"Voice Fragment\", \"object\": \"Voice Fragment: (English) Acres 1 to 20\", \"fields\": [\"audio\"]}}]"
  }
},
{
  "model": "admin.logentry",
  "pk": 136,
  "fields": {
    "action_time": "2019-05-01T19:03:29.449Z",
    "user": [
      "jeff"
    ],
    "content_type": [
      "service_development",
      "voicelabel"
    ],
    "object_id": "64",
    "object_repr": "Voice Label: Acres 1 to 20",
    "action_flag": 2,
    "change_message": "[{\"changed\": {\"name\": \"Voice Fragment\", \"object\": \"Voice Fragment: (English) Acres 1 to 20\", \"fields\": [\"audio\"]}}]"
  }
},
{
  "model": "admin.logentry",
  "pk": 137,
  "fields": {
    "action_time": "2019-05-01T19:03:59.503Z",
    "user": [
      "jeff"
    ],
    "content_type": [
      "service_development",
      "voicelabel"
    ],
    "object_id": "65",
    "object_repr": "Voice Label: Acres 21 to 40",
    "action_flag": 2,
    "change_message": "[{\"changed\": {\"name\": \"Voice Fragment\", \"object\": \"Voice Fragment: (English) Acres 21 to 40\", \"fields\": [\"audio\"]}}]"
  }
},
{
  "model": "admin.logentry",
  "pk": 138,
  "fields": {
    "action_time": "2019-05-01T19:05:17.373Z",
    "user": [
      "jeff"
    ],
    "content_type": [
      "service_development",
      "voicelabel"
    ],
    "object_id": "66",
    "object_repr": "Voice Label: Acres 41 to 60",
    "action_flag": 2,
    "change_message": "[{\"changed\": {\"name\": \"Voice Fragment\", \"object\": \"Voice Fragment: (English) Acres 41 to 60\", \"fields\": [\"audio\"]}}]"
  }
},
{
  "model": "admin.logentry",
  "pk": 139,
  "fields": {
    "action_time": "2019-05-01T19:05:30.113Z",
    "user": [
      "jeff"
    ],
    "content_type": [
      "service_development",
      "voicelabel"
    ],
    "object_id": "67",
    "object_repr": "Voice Label: Crop Cereals",
    "action_flag": 2,
    "change_message": "[{\"changed\": {\"name\": \"Voice Fragment\", \"object\": \"Voice Fragment: (English) Crop Cereals\", \"fields\": [\"audio\"]}}]"
  }
},
{
  "model": "admin.logentry",
  "pk": 140,
  "fields": {
    "action_time": "2019-05-01T19:05:41.661Z",
    "user": [
      "jeff"
    ],
    "content_type": [
      "service_development",
      "voicelabel"
    ],
    "object_id": "68",
    "object_repr": "Voice Label: Crop Cucumber",
    "action_flag": 2,
    "change_message": "[{\"changed\": {\"name\": \"Voice Fragment\", \"object\": \"Voice Fragment: (English) Crop Cucumber\", \"fields\": [\"audio\"]}}]"
  }
},
{
  "model": "admin.logentry",
  "pk": 141,
  "fields": {
    "action_time": "2019-05-01T19:05:55.860Z",
    "user": [
      "jeff"
    ],
    "content_type": [
      "service_development",
      "voicelabel"
    ],
    "object_id": "69",
    "object_repr": "Voice Label: Crop Parsley",
    "action_flag": 2,
    "change_message": "[{\"changed\": {\"name\": \"Voice Fragment\", \"object\": \"Voice Fragment: (English) Crop Parsley\", \"fields\": [\"audio\"]}}]"
  }
},
{
  "model": "admin.logentry",
  "pk": 142,
  "fields": {
    "action_time": "2019-05-01T19:06:05.415Z",
    "user": [
      "jeff"
    ],
    "content_type": [
      "service_development",
      "voicelabel"
    ],
    "object_id": "70",
    "object_repr": "Voice Label: Crop Tomatoes",
    "action_flag": 2,
    "change_message": "[{\"changed\": {\"name\": \"Voice Fragment\", \"object\": \"Voice Fragment: (English) Crop Tomatoes\", \"fields\": [\"audio\"]}}]"
  }
},
{
  "model": "admin.logentry",
  "pk": 143,
  "fields": {
    "action_time": "2019-05-01T19:16:20.086Z",
    "user": [
      "jeff"
    ],
    "content_type": [
      "service_development",
      "messagepresentation"
    ],
    "object_id": "11",
    "object_repr": "Message: Identify yourself",
    "action_flag": 2,
    "change_message": "[{\"changed\": {\"fields\": [\"_redirect\"]}}]"
  }
},
{
  "model": "admin.logentry",
  "pk": 144,
  "fields": {
    "action_time": "2019-05-01T19:20:44.181Z",
    "user": [
      "jeff"
    ],
    "content_type": [
      "service_development",
      "voicelabel"
    ],
    "object_id": "14",
    "object_repr": "Voice Label: Four",
    "action_flag": 2,
    "change_message": "[{\"changed\": {\"name\": \"Voice Fragment\", \"object\": \"Voice Fragment: (Francais) Four\", \"fields\": [\"language\"]}}, {\"changed\": {\"name\": \"Voice Fragment\", \"object\": \"Voice Fragment: (English) Four\", \"fields\": [\"language\"]}}]"
  }
},
{
  "model": "admin.logentry",
  "pk": 145,
  "fields": {
    "action_time": "2019-05-01T19:23:15.740Z",
    "user": [
      "jeff"
    ],
    "content_type": [
      "service_development",
      "voicelabel"
    ],
    "object_id": "74",
    "object_repr": "Voice Label: Wrong option",
    "action_flag": 1,
    "change_message": "[{\"added\": {}}, {\"added\": {\"name\": \"Voice Fragment\", \"object\": \"Voice Fragment: (English) Wrong option\"}}]"
  }
},
{
  "model": "admin.logentry",
  "pk": 146,
  "fields": {
    "action_time": "2019-05-01T19:23:24.640Z",
    "user": [
      "jeff"
    ],
    "content_type": [
      "service_development",
      "voicelabel"
    ],
    "object_id": "74",
    "object_repr": "Voice Label: Wrong option",
    "action_flag": 2,
    "change_message": "[]"
  }
},
{
  "model": "admin.logentry",
  "pk": 147,
  "fields": {
    "action_time": "2019-05-01T19:24:19.706Z",
    "user": [
      "jeff"
    ],
    "content_type": [
      "service_development",
      "choice"
    ],
    "object_id": "23",
    "object_repr": "Choose Village Region Kayes",
    "action_flag": 2,
    "change_message": "[{\"added\": {\"name\": \"Voice Service\", \"object\": \"(Choose Village Region Kayes): Go Back\"}}]"
  }
},
{
  "model": "admin.logentry",
  "pk": 148,
  "fields": {
    "action_time": "2019-05-01T19:24:36.291Z",
    "user": [
      "jeff"
    ],
    "content_type": [
      "service_development",
      "choice"
    ],
    "object_id": "31",
    "object_repr": "Choose Village Region Koulikoro",
    "action_flag": 2,
    "change_message": "[{\"added\": {\"name\": \"Voice Service\", \"object\": \"(Choose Village Region Koulikoro): Go Back\"}}]"
  }
},
{
  "model": "admin.logentry",
  "pk": 149,
  "fields": {
    "action_time": "2019-05-01T19:24:54.889Z",
    "user": [
      "jeff"
    ],
    "content_type": [
      "service_development",
      "choice"
    ],
    "object_id": "32",
    "object_repr": "Choose Village Region Segou",
    "action_flag": 2,
    "change_message": "[{\"added\": {\"name\": \"Voice Service\", \"object\": \"(Choose Village Region Segou): Go Back\"}}]"
  }
},
{
  "model": "admin.logentry",
  "pk": 150,
  "fields": {
    "action_time": "2019-05-01T19:25:13.567Z",
    "user": [
      "jeff"
    ],
    "content_type": [
      "service_development",
      "choice"
    ],
    "object_id": "33",
    "object_repr": "Choose Village Region Sikasso",
    "action_flag": 2,
    "change_message": "[{\"added\": {\"name\": \"Voice Service\", \"object\": \"(Choose Village Region Sikasso): Go Back\"}}]"
  }
},
{
  "model": "admin.logentry",
  "pk": 151,
  "fields": {
    "action_time": "2019-05-01T19:25:30.501Z",
    "user": [
      "jeff"
    ],
    "content_type": [
      "service_development",
      "choice"
    ],
    "object_id": "31",
    "object_repr": "Choose Village Region Koulikoro",
    "action_flag": 2,
    "change_message": "[{\"changed\": {\"name\": \"Voice Service\", \"object\": \"(Choose Village Region Koulikoro): Go Back\", \"fields\": [\"_redirect\"]}}]"
  }
},
{
  "model": "admin.logentry",
  "pk": 152,
  "fields": {
    "action_time": "2019-05-01T19:27:44.791Z",
    "user": [
      "jeff"
    ],
    "content_type": [
      "service_development",
      "userinputcategory"
    ],
    "object_id": "1",
    "object_repr": "\"#Crop\" (\"Caspar\")",
    "action_flag": 1,
    "change_message": "[{\"added\": {}}]"
  }
},
{
  "model": "admin.logentry",
  "pk": 153,
  "fields": {
    "action_time": "2019-05-01T19:45:23.881Z",
    "user": [
      "jeff"
    ],
    "content_type": [
      "service_development",
      "messagepresentation"
    ],
    "object_id": "11",
    "object_repr": "Message: Identify yourself",
    "action_flag": 2,
    "change_message": "[{\"changed\": {\"fields\": [\"_redirect\"]}}]"
  }
},
{
  "model": "admin.logentry",
  "pk": 154,
  "fields": {
    "action_time": "2019-05-01T19:51:58.551Z",
    "user": [
      "jeff"
    ],
    "content_type": [
      "service_development",
      "messagepresentation"
    ],
    "object_id": "10",
    "object_repr": "Message: Welcome to Caspar",
    "action_flag": 2,
    "change_message": "[{\"changed\": {\"fields\": [\"_redirect\"]}}]"
  }
},
{
  "model": "admin.logentry",
  "pk": 155,
  "fields": {
    "action_time": "2019-05-01T19:57:30.822Z",
    "user": [
      "jeff"
    ],
    "content_type": [
      "service_development",
      "userinputcategory"
    ],
    "object_id": "1",
    "object_repr": "\"name_input\" (\"Caspar\")",
    "action_flag": 2,
    "change_message": "[{\"changed\": {\"fields\": [\"name\"]}}]"
  }
},
{
  "model": "admin.logentry",
  "pk": 156,
  "fields": {
    "action_time": "2019-05-01T19:57:45.059Z",
    "user": [
      "jeff"
    ],
    "content_type": [
      "service_development",
      "record"
    ],
    "object_id": "12",
    "object_repr": "Record: Name",
    "action_flag": 2,
    "change_message": "[{\"changed\": {\"fields\": [\"input_category\"]}}]"
  }
},
{
  "model": "admin.logentry",
  "pk": 157,
  "fields": {
    "action_time": "2019-05-01T20:00:15.224Z",
    "user": [
      "jeff"
    ],
    "content_type": [
      "service_development",
      "record"
    ],
    "object_id": "12",
    "object_repr": "Record: Name",
    "action_flag": 2,
    "change_message": "[]"
  }
},
{
  "model": "admin.logentry",
  "pk": 158,
  "fields": {
    "action_time": "2019-05-01T20:28:51.630Z",
    "user": [
      "jeff"
    ],
    "content_type": [
      "service_development",
      "messagepresentation"
    ],
    "object_id": "10",
    "object_repr": "Message: Welcome to Caspar",
    "action_flag": 2,
    "change_message": "[{\"changed\": {\"fields\": [\"_redirect\"]}}]"
  }
},
{
  "model": "admin.logentry",
  "pk": 159,
  "fields": {
    "action_time": "2019-05-01T20:28:57.961Z",
    "user": [
      "jeff"
    ],
    "content_type": [
      "service_development",
      "messagepresentation"
    ],
    "object_id": "11",
    "object_repr": "Message: Identify yourself",
    "action_flag": 2,
    "change_message": "[]"
  }
},
{
  "model": "admin.logentry",
  "pk": 160,
  "fields": {
    "action_time": "2019-05-01T20:48:34.924Z",
    "user": [
      "jeff"
    ],
    "content_type": [
      "service_development",
      "record"
    ],
    "object_id": "12",
    "object_repr": "Record: Name",
    "action_flag": 2,
    "change_message": "[{\"changed\": {\"fields\": [\"final_voice_label\"]}}]"
  }
},
{
  "model": "admin.logentry",
  "pk": 161,
  "fields": {
    "action_time": "2019-05-01T20:49:28.756Z",
    "user": [
      "jeff"
    ],
    "content_type": [
      "service_development",
      "record"
    ],
    "object_id": "12",
    "object_repr": "Record: Name",
    "action_flag": 2,
    "change_message": "[{\"changed\": {\"fields\": [\"repeat_recording_to_caller\", \"repeat_voice_label\", \"ask_confirmation\", \"ask_confirmation_voice_label\"]}}]"
  }
},
{
  "model": "admin.logentry",
  "pk": 162,
  "fields": {
    "action_time": "2019-05-01T20:52:50.397Z",
    "user": [
      "jeff"
    ],
    "content_type": [
      "service_development",
      "record"
    ],
    "object_id": "12",
    "object_repr": "Record: Name",
    "action_flag": 2,
    "change_message": "[{\"changed\": {\"fields\": [\"repeat_recording_to_caller\", \"ask_confirmation\"]}}]"
  }
},
{
  "model": "admin.logentry",
  "pk": 163,
  "fields": {
    "action_time": "2019-05-01T20:53:52.262Z",
    "user": [
      "jeff"
    ],
    "content_type": [
      "service_development",
      "record"
    ],
    "object_id": "12",
    "object_repr": "Record: Name",
    "action_flag": 2,
    "change_message": "[{\"changed\": {\"fields\": [\"repeat_voice_label\"]}}]"
  }
},
{
  "model": "admin.logentry",
  "pk": 164,
  "fields": {
    "action_time": "2019-05-01T20:54:31.782Z",
    "user": [
      "jeff"
    ],
    "content_type": [
      "service_development",
      "record"
    ],
    "object_id": "12",
    "object_repr": "Record: Name",
    "action_flag": 2,
    "change_message": "[{\"changed\": {\"fields\": [\"repeat_voice_label\"]}}]"
  }
},
{
  "model": "admin.logentry",
  "pk": 165,
  "fields": {
    "action_time": "2019-05-01T20:56:41.422Z",
    "user": [
      "jeff"
    ],
    "content_type": [
      "service_development",
      "messagepresentation"
    ],
    "object_id": "10",
    "object_repr": "Message: Welcome to Caspar",
    "action_flag": 2,
    "change_message": "[{\"changed\": {\"fields\": [\"_redirect\"]}}]"
  }
},
{
  "model": "admin.logentry",
  "pk": 166,
  "fields": {
    "action_time": "2019-05-01T20:58:31.948Z",
    "user": [
      "jeff"
    ],
    "content_type": [
      "service_development",
      "record"
    ],
    "object_id": "12",
    "object_repr": "Record: Name",
    "action_flag": 2,
    "change_message": "[{\"changed\": {\"fields\": [\"repeat_recording_to_caller\", \"repeat_voice_label\", \"ask_confirmation\", \"ask_confirmation_voice_label\"]}}]"
  }
},
{
  "model": "admin.logentry",
  "pk": 167,
  "fields": {
    "action_time": "2019-05-01T21:03:30.421Z",
    "user": [
      "jeff"
    ],
    "content_type": [
      "service_development",
      "choice"
    ],
    "object_id": "35",
    "object_repr": "Choose Crop",
    "action_flag": 2,
    "change_message": "[{\"added\": {\"name\": \"Voice Service\", \"object\": \"(Choose Crop): Go Back\"}}]"
  }
},
{
  "model": "admin.logentry",
  "pk": 168,
  "fields": {
    "action_time": "2019-05-01T21:04:46.429Z",
    "user": [
      "jeff"
    ],
    "content_type": [
      "service_development",
      "record"
    ],
    "object_id": "12",
    "object_repr": "Record: Name",
    "action_flag": 2,
    "change_message": "[{\"changed\": {\"fields\": [\"not_heard_voice_label\"]}}]"
  }
},
{
  "model": "admin.logentry",
  "pk": 169,
  "fields": {
    "action_time": "2019-05-01T21:13:44.202Z",
    "user": [
      "jeff"
    ],
    "content_type": [
      "service_development",
      "voicelabel"
    ],
    "object_id": "75",
    "object_repr": "Voice Label: Record confirmation",
    "action_flag": 1,
    "change_message": "[{\"added\": {}}]"
  }
},
{
  "model": "admin.logentry",
  "pk": 170,
  "fields": {
    "action_time": "2019-05-01T21:14:16.638Z",
    "user": [
      "jeff"
    ],
    "content_type": [
      "service_development",
      "voicelabel"
    ],
    "object_id": "75",
    "object_repr": "Voice Label: Play Recording",
    "action_flag": 2,
    "change_message": "[{\"changed\": {\"fields\": [\"name\"]}}]"
  }
},
{
  "model": "admin.logentry",
  "pk": 171,
  "fields": {
    "action_time": "2019-05-01T21:14:55.435Z",
    "user": [
      "jeff"
    ],
    "content_type": [
      "service_development",
      "voicelabel"
    ],
    "object_id": "76",
    "object_repr": "Voice Label: Confirm recording",
    "action_flag": 1,
    "change_message": "[{\"added\": {}}]"
  }
},
{
  "model": "admin.logentry",
  "pk": 172,
  "fields": {
    "action_time": "2019-05-01T21:15:14.712Z",
    "user": [
      "jeff"
    ],
    "content_type": [
      "service_development",
      "voicelabel"
    ],
    "object_id": "77",
    "object_repr": "Voice Label: Final record",
    "action_flag": 1,
    "change_message": "[{\"added\": {}}]"
  }
},
{
  "model": "admin.logentry",
  "pk": 173,
  "fields": {
    "action_time": "2019-05-01T21:15:55.792Z",
    "user": [
      "jeff"
    ],
    "content_type": [
      "service_development",
      "voicelabel"
    ],
    "object_id": "75",
    "object_repr": "Voice Label: Play Recording",
    "action_flag": 2,
    "change_message": "[{\"added\": {\"name\": \"Voice Fragment\", \"object\": \"Voice Fragment: (English) Play Recording\"}}]"
  }
},
{
  "model": "admin.logentry",
  "pk": 174,
  "fields": {
    "action_time": "2019-05-01T21:16:06.160Z",
    "user": [
      "jeff"
    ],
    "content_type": [
      "service_development",
      "voicelabel"
    ],
    "object_id": "76",
    "object_repr": "Voice Label: Confirm recording",
    "action_flag": 2,
    "change_message": "[{\"added\": {\"name\": \"Voice Fragment\", \"object\": \"Voice Fragment: (English) Confirm recording\"}}]"
  }
},
{
  "model": "admin.logentry",
  "pk": 175,
  "fields": {
    "action_time": "2019-05-01T21:16:27.561Z",
    "user": [
      "jeff"
    ],
    "content_type": [
      "service_development",
      "voicelabel"
    ],
    "object_id": "77",
    "object_repr": "Voice Label: Final record",
    "action_flag": 2,
    "change_message": "[{\"added\": {\"name\": \"Voice Fragment\", \"object\": \"Voice Fragment: (English) Final record\"}}]"
  }
},
{
  "model": "admin.logentry",
  "pk": 176,
  "fields": {
    "action_time": "2019-05-01T21:16:56.405Z",
    "user": [
      "jeff"
    ],
    "content_type": [
      "service_development",
      "record"
    ],
    "object_id": "12",
    "object_repr": "Record: Name",
    "action_flag": 2,
    "change_message": "[{\"changed\": {\"fields\": [\"repeat_voice_label\", \"ask_confirmation_voice_label\", \"final_voice_label\"]}}]"
  }
},
{
  "model": "admin.logentry",
  "pk": 177,
  "fields": {
    "action_time": "2019-05-01T21:27:13.405Z",
    "user": [
      "jeff"
    ],
    "content_type": [
      "service_development",
      "voicelabel"
    ],
    "object_id": "77",
    "object_repr": "Voice Label: Final record",
    "action_flag": 2,
    "change_message": "[{\"changed\": {\"name\": \"Voice Fragment\", \"object\": \"Voice Fragment: (English) Final record\", \"fields\": [\"audio\"]}}]"
  }
},
{
  "model": "admin.logentry",
  "pk": 178,
  "fields": {
    "action_time": "2019-05-01T21:28:43.702Z",
    "user": [
      "jeff"
    ],
    "content_type": [
      "service_development",
      "voicelabel"
    ],
    "object_id": "77",
    "object_repr": "Voice Label: Final record",
    "action_flag": 2,
    "change_message": "[{\"changed\": {\"name\": \"Voice Fragment\", \"object\": \"Voice Fragment: (English) Final record\", \"fields\": [\"audio\"]}}]"
  }
},
{
  "model": "admin.logentry",
  "pk": 179,
  "fields": {
    "action_time": "2019-05-01T21:36:01.634Z",
    "user": [
      "jeff"
    ],
    "content_type": [
      "service_development",
      "choice"
    ],
    "object_id": "34",
    "object_repr": "Choose Crop size",
    "action_flag": 2,
    "change_message": "[{\"deleted\": {\"name\": \"Voice Service\", \"object\": \"(Choose Crop size): 41-60 acres\"}}]"
  }
},
{
  "model": "admin.logentry",
  "pk": 180,
  "fields": {
    "action_time": "2019-05-01T21:37:42.951Z",
    "user": [
      "jeff"
    ],
    "content_type": [
      "service_development",
      "choice"
    ],
    "object_id": "34",
    "object_repr": "Choose Crop size",
    "action_flag": 2,
    "change_message": "[{\"added\": {\"name\": \"Voice Service\", \"object\": \"(Choose Crop size): 41-60 acres\"}}]"
  }
}
]
